, ,PLAYER,TEAM,AGE,GP,W,L,MIN,PTS_PER_POSS,FGM,FGA,FG%,3PM,3PA,3P%,FTM,FTA,FT%,OREB,DREB,REB,AST,TOV,STL,BLK,PF,FP,DD2,TD3,+/-
0,1,Lester Quinones,GSW,22,1,1,0,0.5,0,0,0.667,0,0,0.333,0,0,0,0,0,0.333,0.333,0,0,0,0,0,0.4,0,0,-0.333
1,2,Frank Jackson,UTA,24,1,0,1,0.6,0,0,0.333,0,0,0.111,0,0,0,0,0.111,0.111,0.222,0.111,0,0,0,0,0.433,0,0,-0.222
2,3,Duane Washington Jr.,NYK,23,31,17,14,0.5,0.292,0.112,0.306,36.7,0.048,0.133,36,0.019,0.029,66.7,0.002,0.041,0.043,0.075,0.041,0.007,0.005,0.027,0.451,0,0,-0.007
3,4,Luka Doncic,DAL,24,64,32,32,0.5,0.44,0.148,0.298,49.8,0.038,0.11,34.7,0.105,0.142,74.2,0.011,0.105,0.116,0.109,0.049,0.019,0.007,0.034,0.77,35,10,0.023
4,5,Ja Morant,MEM,23,59,38,21,0.5,0.387,0.137,0.295,46.3,0.022,0.073,30.7,0.091,0.121,75.2,0.015,0.07,0.086,0.118,0.05,0.016,0.004,0.025,0.677,20,7,0.067
5,6,Tyler Dorsey,DAL,27,3,2,1,0.5,0.529,0.235,0.294,80,0.059,0.118,50,0,0,0,0.059,0.059,0.118,0,0,0,0,0,0.671,0,0,0.118
6,7,Giannis Antetokounmpo,MIL,28,61,45,16,0.5,0.447,0.161,0.293,55,0.011,0.04,27.6,0.113,0.175,64.8,0.032,0.137,0.169,0.081,0.055,0.012,0.011,0.045,0.784,44,5,0.071
7,8,LeBron James,LAL,38,51,27,24,0.5,0.376,0.144,0.289,49.9,0.026,0.087,30.3,0.061,0.08,76.6,0.016,0.094,0.111,0.09,0.041,0.012,0.007,0.022,0.661,18,2,0.051
8,9,Joel Embiid,PHI,29,63,42,21,0.5,0.468,0.155,0.284,54.4,0.014,0.043,33.7,0.144,0.168,85.7,0.025,0.12,0.144,0.059,0.049,0.015,0.024,0.044,0.797,38,1,0.096
9,10,Donovan Mitchell,CLE,26,66,42,24,0.5,0.386,0.136,0.284,48,0.05,0.13,38.4,0.063,0.073,87,0.013,0.045,0.058,0.062,0.036,0.02,0.005,0.034,0.59,5,0,0.066
10,11,Devin Booker,PHX,26,51,32,19,0.5,0.391,0.141,0.283,49.8,0.03,0.082,35.9,0.08,0.094,85.1,0.013,0.051,0.063,0.077,0.039,0.013,0.005,0.042,0.598,5,0,0.063
11,12,Jayson Tatum,BOS,25,72,51,21,0.5,0.393,0.128,0.275,46.7,0.043,0.121,35.4,0.094,0.109,85.7,0.014,0.101,0.115,0.06,0.037,0.013,0.009,0.028,0.651,31,1,0.083
12,13,Damian Lillard,POR,32,58,27,31,0.5,0.426,0.127,0.274,46.3,0.056,0.15,37.1,0.116,0.127,91.4,0.01,0.053,0.063,0.097,0.044,0.011,0.004,0.025,0.65,16,2,0.024
13,14,Jaylen Brown,BOS,26,66,45,21,0.5,0.355,0.135,0.274,49.3,0.033,0.097,33.9,0.053,0.069,76.9,0.016,0.075,0.091,0.046,0.039,0.015,0.005,0.035,0.555,12,0,0.051
14,15,Brandon Ingram,NOP,25,41,21,20,0.5,0.356,0.13,0.269,48.5,0.022,0.054,40.1,0.074,0.084,88.2,0.006,0.07,0.076,0.081,0.045,0.009,0.006,0.037,0.567,4,2,0.031
15,16,Shai Gilgeous-Alexander,OKC,24,66,32,34,0.5,0.412,0.136,0.266,51,0.011,0.031,34.6,0.129,0.142,90.8,0.011,0.052,0.063,0.071,0.037,0.022,0.013,0.036,0.66,3,0,0.03
16,17,Stephen Curry,GSW,35,52,27,25,0.5,0.389,0.132,0.265,49.8,0.065,0.15,43.2,0.06,0.066,91.2,0.009,0.072,0.081,0.083,0.043,0.012,0.004,0.028,0.618,12,1,0.05
17,18,Cade Cunningham,DET,21,12,3,9,0.5,0.281,0.109,0.264,41.5,0.02,0.072,27.9,0.042,0.051,83.7,0.014,0.073,0.087,0.085,0.046,0.012,0.008,0.04,0.527,3,0,-0.071
18,19,LaMelo Ball,CHA,21,36,13,23,0.5,0.305,0.108,0.262,41.1,0.052,0.139,37.6,0.037,0.044,84.3,0.015,0.069,0.084,0.111,0.047,0.017,0.004,0.043,0.587,17,3,-0.055
19,20,Kyrie Irving,DAL,31,59,31,28,0.5,0.353,0.129,0.262,49.3,0.04,0.108,37.4,0.055,0.06,90.4,0.013,0.053,0.067,0.072,0.028,0.014,0.01,0.036,0.585,5,0,0.047
20,21,Bones Hyland,LAC,22,53,33,20,0.5,0.296,0.102,0.257,39.9,0.053,0.141,37.6,0.038,0.046,84.4,0.009,0.049,0.058,0.077,0.037,0.018,0.007,0.043,0.518,1,0,-0.07
21,22,Bradley Beal,WAS,29,50,24,26,0.5,0.339,0.13,0.257,50.6,0.023,0.064,36.5,0.056,0.067,84.2,0.012,0.045,0.057,0.079,0.042,0.013,0.01,0.031,0.553,2,0,0.012
22,23,Julius Randle,NYK,28,77,44,33,0.5,0.347,0.118,0.256,45.9,0.039,0.114,34.3,0.072,0.095,75.7,0.025,0.112,0.137,0.057,0.039,0.009,0.004,0.042,0.595,40,0,0.03
23,24,Trae Young,ATL,24,71,37,34,0.5,0.348,0.11,0.255,42.9,0.028,0.084,33.8,0.101,0.113,88.6,0.01,0.029,0.04,0.132,0.054,0.014,0.002,0.019,0.587,38,0,0.014
24,25,Kenneth Lofton Jr.,MEM,20,20,13,7,0.5,0.3,0.123,0.255,48.2,0.023,0.055,41.7,0.032,0.059,53.8,0.045,0.091,0.136,0.077,0.036,0.014,0.009,0.091,0.611,0,0,-0.159
25,26,Anthony Edwards,MIN,21,76,37,39,0.5,0.32,0.117,0.254,46,0.035,0.095,36.8,0.052,0.068,75.9,0.007,0.068,0.075,0.058,0.043,0.02,0.009,0.031,0.543,8,0,0.013
26,27,Keldon Johnson,SAS,23,62,16,46,0.5,0.316,0.115,0.253,45.3,0.031,0.093,33.3,0.056,0.075,74.7,0.013,0.06,0.073,0.042,0.031,0.01,0.003,0.029,0.474,5,0,-0.114
27,28,Paul George,LAC,32,56,32,24,0.5,0.335,0.115,0.253,45.7,0.04,0.107,37.1,0.064,0.074,87.1,0.011,0.075,0.086,0.072,0.044,0.021,0.005,0.04,0.58,8,1,0.039
28,29,Terry Rozier,CHA,29,63,19,44,0.5,0.282,0.105,0.252,41.5,0.035,0.107,32.7,0.038,0.047,80.9,0.011,0.044,0.055,0.068,0.028,0.016,0.003,0.025,0.478,1,0,-0.061
29,30,Klay Thompson,GSW,33,66,36,30,0.5,0.303,0.11,0.252,43.6,0.06,0.147,40.9,0.024,0.027,87.5,0.008,0.05,0.058,0.033,0.025,0.01,0.006,0.026,0.445,2,0,0.023
30,31,Kevin Durant,PHX,34,45,32,13,0.5,0.399,0.141,0.251,56.4,0.026,0.065,39.4,0.09,0.097,92.8,0.005,0.086,0.091,0.069,0.045,0.01,0.02,0.03,0.656,5,1,0.072
31,32,De'Aaron Fox,SAC,25,70,43,27,0.5,0.348,0.129,0.251,51.6,0.023,0.069,32.7,0.066,0.085,77.7,0.007,0.051,0.058,0.084,0.035,0.016,0.004,0.034,0.57,11,0,0.027
32,33,Kelly Oubre Jr.,CHA,27,48,16,32,0.5,0.297,0.108,0.25,43.1,0.033,0.104,31.9,0.048,0.064,76,0.02,0.056,0.076,0.016,0.02,0.021,0.005,0.043,0.472,3,0,-0.085
33,34,Stanley Umude,DET,23,1,0,1,0.5,0.5,0,0.25,0,0,0.25,0,0.5,0.5,100,0,0,0,0,0,0.25,0.25,0,2,0,0,0.75
34,35,Jalen Green,HOU,21,73,17,56,0.5,0.308,0.103,0.248,41.6,0.034,0.102,33.5,0.067,0.086,78.6,0.008,0.044,0.052,0.051,0.037,0.011,0.003,0.025,0.452,0,0,-0.091
35,36,Jordan Clarkson,UTA,30,61,30,31,0.5,0.305,0.11,0.248,44.4,0.037,0.11,33.8,0.048,0.059,81.6,0.017,0.042,0.059,0.065,0.045,0.008,0.003,0.029,0.462,3,0,0.008
36,37,CJ McCollum,NOP,31,71,36,35,0.5,0.286,0.107,0.246,43.6,0.039,0.1,39,0.033,0.042,78.7,0.01,0.048,0.059,0.08,0.034,0.013,0.007,0.028,0.503,5,0,0.011
37,38,Jalen Brunson,NYK,26,68,40,28,0.5,0.336,0.121,0.246,49.1,0.028,0.066,41.6,0.067,0.081,82.9,0.008,0.041,0.05,0.087,0.029,0.013,0.003,0.031,0.543,5,0,0.031
38,39,Kyle Kuzma,WAS,27,64,29,35,0.5,0.29,0.109,0.244,44.8,0.034,0.103,33.3,0.037,0.051,73,0.012,0.087,0.099,0.051,0.041,0.008,0.006,0.031,0.486,14,1,0.002
39,40,Kawhi Leonard,LAC,31,49,30,19,0.5,0.346,0.125,0.243,51.3,0.029,0.069,41.8,0.068,0.077,87.3,0.016,0.075,0.092,0.057,0.024,0.021,0.008,0.023,0.605,3,0,0.065
40,41,Pascal Siakam,TOR,29,68,34,34,0.5,0.316,0.116,0.242,47.7,0.018,0.054,32.7,0.067,0.088,76.8,0.024,0.077,0.101,0.078,0.032,0.011,0.007,0.042,0.575,22,2,0.026
41,42,Anthony Davis,LAL,30,52,28,24,0.5,0.368,0.138,0.241,57.1,0.005,0.019,26.4,0.088,0.111,78.8,0.048,0.123,0.171,0.035,0.031,0.014,0.027,0.037,0.72,36,0,0.044
42,43,Zach LaVine,CHI,28,74,37,37,0.5,0.334,0.117,0.24,48.8,0.036,0.094,38.4,0.064,0.075,84.9,0.008,0.053,0.06,0.056,0.034,0.012,0.003,0.028,0.502,2,0,0.007
43,44,Lauri Markkanen,UTA,25,66,32,34,0.5,0.354,0.12,0.239,49.9,0.042,0.107,39.2,0.073,0.084,87.5,0.027,0.092,0.119,0.026,0.027,0.009,0.008,0.029,0.559,28,0,0.034
44,45,Jordan Poole,GSW,23,78,41,37,0.5,0.31,0.102,0.238,43,0.04,0.118,33.6,0.066,0.075,87.1,0.006,0.035,0.041,0.069,0.047,0.012,0.004,0.039,0.464,1,0,-0.006
45,46,Desmond Bane,MEM,24,55,36,19,0.5,0.316,0.114,0.237,47.9,0.042,0.101,41,0.047,0.053,88.9,0.01,0.063,0.073,0.064,0.033,0.015,0.006,0.037,0.528,1,0,0.092
46,47,Jamal Murray,DEN,26,62,42,20,0.5,0.295,0.107,0.237,45.3,0.039,0.097,40,0.041,0.05,82.9,0.011,0.048,0.059,0.09,0.033,0.015,0.003,0.023,0.522,5,1,0.067
47,48,DeMar DeRozan,CHI,33,71,36,35,0.5,0.33,0.119,0.234,50.8,0.008,0.025,33.1,0.083,0.096,87,0.006,0.056,0.062,0.068,0.028,0.015,0.007,0.033,0.543,6,0,0.02
48,49,Tyler Herro,MIA,23,64,34,30,0.5,0.283,0.103,0.234,43.9,0.043,0.113,37.6,0.036,0.038,93.1,0.006,0.07,0.076,0.059,0.034,0.011,0.003,0.022,0.472,6,1,0.028
49,50,Devin Vassell,SAS,22,38,12,26,0.5,0.276,0.103,0.234,43.9,0.04,0.104,38.7,0.031,0.039,78,0.003,0.055,0.058,0.053,0.022,0.017,0.007,0.022,0.474,0,0,-0.116
50,51,Dejounte Murray,ATL,26,71,36,35,0.5,0.267,0.107,0.233,46,0.024,0.069,34.8,0.028,0.034,82.6,0.009,0.06,0.069,0.079,0.028,0.02,0.003,0.019,0.51,8,1,-0.014
51,52,Anfernee Simons,POR,23,62,27,35,0.5,0.291,0.104,0.233,44.7,0.047,0.125,37.7,0.036,0.04,89.4,0.004,0.032,0.036,0.056,0.029,0.009,0.003,0.032,0.428,0,0,-0.017
52,53,Kristaps Porzingis,WAS,27,65,27,38,0.5,0.343,0.116,0.232,49.8,0.031,0.081,38.5,0.081,0.095,85.1,0.026,0.098,0.124,0.04,0.031,0.013,0.023,0.045,0.629,20,0,0.018
53,54,Zion Williamson,NOP,22,29,17,12,0.5,0.371,0.14,0.231,60.8,0.003,0.009,36.8,0.087,0.122,71.4,0.029,0.071,0.099,0.065,0.049,0.016,0.008,0.032,0.611,5,0,0.073
54,55,Brandon Boston Jr.,LAC,21,21,8,13,0.5,0.273,0.097,0.231,42.1,0.023,0.055,41.4,0.055,0.073,76.3,0.013,0.042,0.055,0.036,0.023,0.017,0,0.04,0.422,0,0,-0.08
55,56,Khris Middleton,MIL,31,31,23,8,0.5,0.283,0.101,0.231,44,0.028,0.091,31.4,0.052,0.058,89.8,0.017,0.064,0.081,0.091,0.041,0.014,0.003,0.039,0.526,4,0,0.069
56,57,RJ Barrett,NYK,22,71,40,31,0.5,0.28,0.1,0.23,43.3,0.024,0.076,31.7,0.057,0.076,74.3,0.012,0.061,0.073,0.039,0.033,0.006,0.003,0.035,0.42,3,0,-0.011
57,58,Ron Harper Jr.,TOR,22,6,4,2,0.5,0.286,0.114,0.229,50,0.057,0.143,40,0,0,0,0.057,0.029,0.086,0,0,0,0,0,0.389,0,0,0.143
58,58,Xavier Moon,LAC,28,3,1,2,0.5,0.143,0.057,0.229,25,0.029,0.086,33.3,0,0,0,0,0.086,0.086,0.143,0.029,0,0,0.029,0.431,0,0,0.143
59,60,Jaylen Nowell,MIN,23,65,34,31,0.5,0.257,0.102,0.228,44.8,0.024,0.085,28.9,0.028,0.036,77.8,0.013,0.049,0.062,0.048,0.024,0.015,0.002,0.037,0.432,0,0,-0.003
60,61,Darius Garland,CLE,23,67,38,29,0.5,0.303,0.106,0.227,46.5,0.035,0.084,41,0.057,0.066,86.1,0.006,0.032,0.037,0.109,0.04,0.017,0.002,0.03,0.527,17,0,0.088
61,62,Darius Days,HOU,23,4,0,4,0.5,0.283,0.094,0.226,41.7,0.057,0.189,30,0.038,0.038,100,0.019,0.094,0.113,0.019,0,0,0.019,0.038,0.504,0,0,0.019
62,63,Lindell Wigginton,MIL,25,5,4,1,0.5,0.2,0.075,0.225,33.3,0,0.1,0,0.05,0.05,100,0,0.025,0.025,0.05,0.05,0,0,0.05,0.255,0,0,-0.05
63,64,Tyrese Maxey,PHI,22,58,38,20,0.5,0.299,0.108,0.225,48.1,0.039,0.09,42.7,0.044,0.052,84.1,0.006,0.037,0.042,0.053,0.019,0.012,0.002,0.032,0.452,0,0,0.06
64,65,Cam Thomas,BKN,21,55,30,25,0.5,0.294,0.098,0.224,43.5,0.024,0.065,36.3,0.075,0.088,86.1,0.004,0.045,0.049,0.041,0.031,0.01,0.003,0.028,0.423,0,0,0.006
65,66,Jeenathan Williams,POR,24,1,1,0,0.5,0.259,0.111,0.222,50,0.037,0.037,100,0,0,0,0.148,0.037,0.185,0,0.037,0,0,0.111,0.444,0,0,0.185
66,67,Patrick Baldwin Jr.,GSW,20,28,12,16,0.5,0.251,0.088,0.222,39.6,0.066,0.171,38.5,0.009,0.013,66.7,0.002,0.077,0.079,0.02,0.024,0.013,0.009,0.031,0.417,0,0,-0.121
67,68,Cameron Payne,PHX,28,46,26,20,0.5,0.241,0.092,0.221,41.6,0.034,0.091,37.2,0.024,0.031,75.8,0.006,0.046,0.053,0.105,0.04,0.016,0.004,0.043,0.482,3,0,0.034
68,69,Bojan Bogdanovic,DET,33,59,15,44,0.5,0.319,0.108,0.221,48.8,0.036,0.089,41.1,0.067,0.076,88.4,0.009,0.047,0.056,0.038,0.034,0.009,0.002,0.028,0.441,0,0,-0.083
69,70,Paolo Banchero,ORL,20,71,31,40,0.5,0.282,0.094,0.22,42.7,0.017,0.056,29.5,0.078,0.105,73.9,0.016,0.081,0.097,0.053,0.039,0.012,0.008,0.031,0.498,13,0,-0.041
70,71,Josh Giddey,OKC,20,74,33,41,0.5,0.248,0.106,0.22,48.3,0.015,0.045,32.6,0.021,0.028,73.6,0.029,0.089,0.118,0.092,0.042,0.011,0.006,0.028,0.538,28,4,-0.022
71,72,Derrick Rose,NYK,34,27,12,15,0.5,0.209,0.084,0.218,38.4,0.026,0.086,30.2,0.015,0.016,91.7,0.011,0.044,0.055,0.063,0.03,0.01,0.007,0.025,0.388,0,0,-0.04
72,73,Christian Wood,DAL,27,66,32,34,0.5,0.317,0.113,0.217,51.9,0.029,0.078,37.5,0.062,0.081,77.1,0.025,0.116,0.141,0.035,0.035,0.008,0.02,0.048,0.589,12,0,-0.012
73,74,Jrue Holiday,MIL,32,64,47,17,0.5,0.273,0.103,0.217,47.5,0.033,0.088,38.2,0.033,0.039,86.2,0.016,0.055,0.071,0.104,0.041,0.016,0.006,0.025,0.539,14,0,0.095
74,75,JD Davison,BOS,20,10,9,1,0.5,0.183,0.083,0.217,38.5,0.017,0.067,25,0,0,0,0.017,0.083,0.1,0.1,0.033,0.033,0,0.067,0.52,0,0,0.1
75,76,Jaden Hardy,DAL,20,45,19,26,0.5,0.279,0.095,0.217,43.8,0.043,0.103,41.8,0.046,0.056,81.8,0.007,0.052,0.058,0.043,0.033,0.012,0.004,0.046,0.431,0,0,-0.009
76,77,Fred VanVleet,TOR,29,66,33,33,0.5,0.26,0.086,0.215,39.7,0.04,0.117,34.5,0.049,0.054,89.7,0.006,0.049,0.055,0.095,0.027,0.023,0.007,0.037,0.532,10,1,0.038
77,78,Talen Horton-Tucker,UTA,22,64,30,34,0.5,0.245,0.091,0.215,42.2,0.021,0.072,29.1,0.043,0.056,75.5,0.014,0.061,0.075,0.087,0.045,0.014,0.01,0.039,0.494,2,0,-0.002
78,79,Deandre Ayton,PHX,24,65,34,31,0.5,0.288,0.126,0.214,58.6,0.002,0.006,29.2,0.035,0.047,74.9,0.041,0.12,0.161,0.028,0.029,0.009,0.012,0.045,0.557,35,0,-0.003
79,80,Michael Porter Jr.,DEN,24,59,40,19,0.5,0.283,0.104,0.214,48.8,0.049,0.118,41.5,0.025,0.031,80.4,0.016,0.073,0.089,0.017,0.018,0.01,0.008,0.032,0.453,2,0,0.124
80,81,Malik Monk,SAC,25,74,46,28,0.5,0.28,0.096,0.214,44.9,0.039,0.107,36.1,0.05,0.056,89.1,0.009,0.046,0.055,0.08,0.039,0.013,0.006,0.034,0.483,0,0,0.015
81,82,Russell Westbrook,LAC,34,70,33,37,0.5,0.248,0.092,0.213,43.2,0.019,0.062,30.2,0.045,0.068,65.7,0.018,0.074,0.092,0.12,0.056,0.017,0.007,0.036,0.553,23,4,-0.008
82,83,Naz Reid,MIN,23,68,32,36,0.5,0.288,0.114,0.213,53.7,0.028,0.08,34.6,0.032,0.047,67.7,0.027,0.096,0.123,0.028,0.034,0.015,0.02,0.065,0.549,4,0,-0.047
83,84,Malik Beasley,LAL,26,77,42,35,0.5,0.23,0.083,0.212,39.2,0.053,0.149,35.7,0.01,0.013,78.6,0.007,0.056,0.064,0.028,0.021,0.015,0.002,0.024,0.377,1,0,-0.016
84,85,Bam Adebayo,MIA,25,72,37,35,0.5,0.291,0.114,0.212,53.9,0,0.002,8.3,0.062,0.077,80.3,0.034,0.097,0.131,0.046,0.036,0.017,0.012,0.04,0.566,31,0,0.02
85,86,Dillon Brooks,MEM,27,71,45,26,0.5,0.223,0.083,0.212,39.4,0.03,0.093,32.4,0.026,0.033,78.4,0.009,0.042,0.052,0.041,0.022,0.014,0.003,0.051,0.375,0,0,0.046
86,87,Kendrick Nunn,WAS,27,66,29,37,0.5,0.231,0.09,0.212,42.4,0.037,0.107,34.7,0.015,0.017,84.8,0.006,0.043,0.05,0.039,0.031,0.013,0.002,0.031,0.365,0,0,-0.012
87,88,Norman Powell,LAC,29,57,28,29,0.5,0.301,0.1,0.211,47.5,0.036,0.089,40.6,0.064,0.08,80.7,0.007,0.046,0.053,0.032,0.032,0.014,0.005,0.037,0.441,0,0,-0.043
88,89,Gary Trent Jr.,TOR,24,63,30,33,0.5,0.26,0.092,0.211,43.4,0.038,0.102,37.1,0.039,0.046,83.8,0.007,0.032,0.039,0.023,0.012,0.024,0.003,0.023,0.411,0,0,-0.011
89,90,Dalano Banton,TOR,23,28,15,13,0.5,0.224,0.086,0.211,40.7,0.024,0.086,28.3,0.028,0.036,78.9,0.017,0.052,0.069,0.054,0.03,0.024,0.022,0.058,0.499,0,0,-0.086
90,91,Tyrese Haliburton,IND,23,56,28,28,0.5,0.291,0.103,0.211,49,0.04,0.101,40,0.044,0.05,87.1,0.008,0.043,0.051,0.147,0.035,0.023,0.006,0.017,0.625,32,0,-0.009
91,92,Jaren Jackson Jr.,MEM,23,60,39,21,0.5,0.297,0.106,0.211,50.3,0.025,0.073,34.6,0.059,0.076,78,0.028,0.084,0.112,0.015,0.027,0.017,0.05,0.059,0.628,7,0,0.094
92,93,Nikola Jokic,DEN,28,67,48,19,0.5,0.351,0.134,0.211,63.4,0.012,0.031,39,0.071,0.087,82.3,0.035,0.133,0.168,0.14,0.049,0.017,0.009,0.036,0.792,56,29,0.14
93,94,Kevin Porter Jr.,HOU,22,57,16,41,0.5,0.267,0.093,0.211,44.1,0.033,0.091,36.3,0.048,0.062,78.4,0.018,0.057,0.076,0.08,0.045,0.019,0.004,0.036,0.503,9,1,-0.09
94,95,Trevor Keels,NYK,19,3,3,0,0.4,0.158,0.053,0.211,25,0.053,0.211,25,0,0,0,0,0.105,0.105,0,0,0,0,0,0.284,0,0,-0.947
95,96,John Wall,LAC,32,34,15,19,0.5,0.239,0.086,0.21,40.7,0.02,0.068,30.3,0.048,0.07,68.1,0.009,0.048,0.057,0.11,0.05,0.017,0.007,0.037,0.496,1,0,-0.066
96,97,Luka Garza,MIN,24,27,14,13,0.4,0.335,0.115,0.21,55,0.026,0.072,36.8,0.078,0.098,78.8,0.059,0.055,0.113,0.034,0.026,0.006,0.004,0.079,0.524,0,0,0.045
97,98,Jonathan Isaac,ORL,25,11,8,3,0.5,0.216,0.086,0.208,41.5,0.024,0.059,40,0.02,0.035,55.6,0.059,0.114,0.173,0.024,0.016,0.055,0.016,0.02,0.654,0,0,-0.075
98,99,Andrew Wiggins,GSW,28,37,19,18,0.5,0.247,0.097,0.206,47.3,0.035,0.088,39.6,0.017,0.028,61.1,0.024,0.049,0.073,0.033,0.019,0.018,0.011,0.042,0.45,3,0,0.046
99,100,Jimmy Butler,MIA,33,62,33,29,0.5,0.337,0.11,0.206,53.4,0.008,0.024,35,0.109,0.128,85.1,0.034,0.053,0.087,0.078,0.024,0.027,0.005,0.019,0.63,11,0,0.008
100,101,Bobby Portis,MIL,28,66,44,22,0.5,0.248,0.101,0.204,49.5,0.022,0.064,34.5,0.024,0.031,78.1,0.04,0.132,0.173,0.027,0.021,0.007,0.004,0.03,0.509,36,0,0.006
101,102,Mikal Bridges,BKN,26,79,40,39,0.5,0.273,0.097,0.204,47.5,0.028,0.071,39.9,0.051,0.057,90.1,0.013,0.047,0.06,0.045,0.021,0.015,0.01,0.026,0.467,2,0,0.001
102,103,Karl-Anthony Towns,MIN,27,26,12,14,0.5,0.287,0.1,0.204,49.1,0.028,0.08,35.4,0.059,0.067,87.8,0.024,0.087,0.112,0.068,0.044,0.011,0.008,0.055,0.534,8,0,0.001
103,104,Franz Wagner,ORL,21,77,33,44,0.5,0.271,0.099,0.203,48.8,0.024,0.066,36.4,0.049,0.058,83.8,0.012,0.046,0.059,0.052,0.03,0.014,0.003,0.033,0.441,2,0,0.011
104,105,Jaden Ivey,DET,21,70,15,55,0.5,0.246,0.083,0.202,41.2,0.024,0.072,33.7,0.056,0.075,74.3,0.015,0.045,0.06,0.08,0.048,0.013,0.004,0.051,0.439,7,0,-0.129
105,106,Josh Christopher,HOU,21,61,13,48,0.5,0.23,0.094,0.201,46.5,0.014,0.056,25,0.028,0.036,77.8,0.011,0.032,0.043,0.046,0.035,0.02,0.009,0.038,0.4,0,0,-0.164
106,107,Bennedict Mathurin,IND,20,74,32,42,0.5,0.273,0.088,0.201,43.6,0.021,0.067,31.9,0.077,0.093,82.5,0.018,0.048,0.066,0.023,0.03,0.01,0.002,0.033,0.394,0,0,-0.033
107,108,Keon Johnson,POR,21,40,13,27,0.5,0.213,0.076,0.201,37.6,0.032,0.091,34.6,0.03,0.046,65.9,0.012,0.037,0.05,0.067,0.048,0.021,0.007,0.048,0.408,0,0,-0.172
108,109,Jonas Valanciunas,NOP,30,75,38,37,0.5,0.276,0.111,0.2,55.2,0.009,0.027,34.9,0.046,0.055,82.4,0.056,0.139,0.195,0.034,0.039,0.005,0.012,0.059,0.57,42,0,-0.009
109,110,Nikola Vucevic,CHI,32,78,38,40,0.5,0.253,0.104,0.2,52.1,0.022,0.062,35.4,0.022,0.027,82.4,0.028,0.13,0.159,0.047,0.025,0.01,0.01,0.032,0.551,48,1,0.001
110,111,Dereon Seabron,NOP,22,5,2,3,0.5,0.16,0.08,0.2,40,0,0,0,0,0,0,0.04,0,0.04,0,0,0,0,0.04,0.208,0,0,0.4
111,111,Sam Merrill,CLE,26,3,3,0,0.5,0.1,0.05,0.2,25,0,0.15,0,0,0,0,0,0.05,0.05,0.05,0,0,0,0.1,0.235,0,0,-0.45
112,113,Malcolm Brogdon,BOS,30,65,45,20,0.5,0.272,0.096,0.199,48.4,0.036,0.082,43.9,0.044,0.05,87.9,0.011,0.066,0.077,0.069,0.027,0.013,0.005,0.031,0.495,0,0,0.049
113,114,Jaden Springer,PHI,20,14,11,3,0.5,0.207,0.081,0.198,40.9,0,0.018,0,0.045,0.054,83.3,0.045,0.063,0.108,0.045,0.009,0.054,0.018,0.081,0.612,0,0,-0.09
114,115,Tre Mann,OKC,22,64,29,35,0.5,0.201,0.077,0.198,38.7,0.033,0.103,31.7,0.015,0.02,74,0.011,0.048,0.059,0.044,0.023,0.016,0.005,0.04,0.375,0,0,0.018
115,116,PJ Dozier,SAC,26,13,10,3,0.4,0.127,0.056,0.197,28.6,0.014,0.099,14.3,0,0,0,0,0.099,0.099,0.014,0.028,0.042,0.014,0.028,0.407,0,0,-0.07
116,117,Terence Davis,SAC,25,61,37,24,0.5,0.242,0.086,0.197,43.8,0.05,0.131,38.1,0.02,0.024,82.9,0.012,0.069,0.08,0.037,0.029,0.025,0.007,0.058,0.46,0,0,0.049
117,118,Buddy Hield,IND,30,76,34,42,0.5,0.252,0.089,0.197,45.4,0.054,0.128,42.1,0.02,0.024,82,0.013,0.062,0.075,0.042,0.026,0.017,0.005,0.03,0.445,3,0,-0.02
118,119,Jerami Grant,POR,29,63,28,35,0.5,0.278,0.093,0.197,47.5,0.031,0.077,40.1,0.06,0.074,81.3,0.011,0.05,0.061,0.032,0.025,0.011,0.011,0.033,0.442,2,0,-0.008
119,120,James Harden,PHI,33,55,38,17,0.5,0.286,0.087,0.196,44.2,0.038,0.098,38.5,0.075,0.087,86.5,0.01,0.074,0.084,0.146,0.046,0.017,0.007,0.026,0.632,35,5,0.075
120,121,D'Angelo Russell,LAL,27,68,37,31,0.5,0.261,0.092,0.196,46.7,0.04,0.101,39.2,0.038,0.046,83.4,0.007,0.037,0.045,0.091,0.038,0.015,0.006,0.029,0.476,9,0,0.013
121,122,Johnny Juzang,UTA,22,15,5,10,0.5,0.171,0.066,0.196,33.8,0.034,0.132,25.9,0.005,0.01,50,0.01,0.064,0.073,0.017,0.005,0.007,0.007,0.029,0.324,0,0,-0.139
122,123,Cameron Johnson,BKN,27,39,23,16,0.5,0.265,0.09,0.194,46.4,0.043,0.107,39.9,0.042,0.05,83.5,0.013,0.062,0.075,0.032,0.014,0.019,0.006,0.036,0.463,1,0,0.062
123,124,Kemba Walker,DAL,32,9,5,4,0.5,0.245,0.082,0.194,42.1,0.024,0.095,25,0.058,0.071,81,0.01,0.044,0.054,0.065,0.014,0.007,0.007,0.037,0.434,0,0,-0.003
124,125,Tim Hardaway Jr.,DAL,31,70,36,34,0.5,0.232,0.077,0.194,39.9,0.048,0.126,38.2,0.029,0.038,76.5,0.005,0.053,0.057,0.029,0.014,0.011,0.003,0.027,0.373,0,0,0.035
125,126,Bogdan Bogdanovic,ATL,30,52,26,26,0.5,0.234,0.085,0.192,44.2,0.045,0.113,40.2,0.02,0.024,82.2,0.007,0.044,0.052,0.047,0.02,0.014,0.006,0.027,0.405,0,0,0.013
126,127,Spencer Dinwiddie,BKN,29,76,39,37,0.5,0.253,0.085,0.191,44.2,0.034,0.09,37.8,0.05,0.061,81.1,0.005,0.044,0.049,0.091,0.027,0.012,0.004,0.034,0.471,9,0,-0.005
127,128,P.J. Washington,CHA,24,73,24,49,0.5,0.224,0.085,0.191,44.4,0.029,0.084,34.8,0.025,0.034,73,0.014,0.056,0.07,0.034,0.022,0.013,0.015,0.038,0.423,3,0,-0.073
128,129,Trevelin Queen,IND,26,7,2,5,0.5,0.138,0.046,0.191,24.1,0.013,0.099,13.3,0.033,0.033,100,0.053,0.059,0.112,0.039,0.046,0.013,0.033,0.026,0.424,0,0,0.092
129,130,Immanuel Quickley,NYK,23,78,46,32,0.5,0.244,0.085,0.191,44.5,0.033,0.092,36.2,0.041,0.051,81,0.012,0.057,0.069,0.057,0.02,0.016,0.003,0.035,0.452,4,0,0.062
130,131,Myles Turner,IND,27,62,29,33,0.5,0.289,0.104,0.19,54.8,0.024,0.065,37.3,0.056,0.072,78.3,0.023,0.098,0.121,0.023,0.027,0.009,0.036,0.056,0.58,18,0,-0.012
131,132,Collin Sexton,UTA,24,47,24,23,0.5,0.28,0.096,0.19,50.7,0.02,0.049,41,0.068,0.082,82.2,0.015,0.028,0.043,0.056,0.035,0.011,0.003,0.046,0.423,1,0,-0.012
132,133,Daniel Theis,IND,30,7,1,6,0.5,0.211,0.091,0.19,47.7,0.009,0.047,18.2,0.022,0.052,41.7,0.03,0.065,0.095,0.039,0.013,0.009,0.026,0.03,0.474,0,0,-0.082
133,134,Alec Burks,DET,31,51,12,39,0.5,0.269,0.083,0.19,43.6,0.041,0.099,41.4,0.063,0.078,81.4,0.008,0.057,0.065,0.047,0.024,0.016,0.003,0.04,0.451,0,0,-0.003
134,135,Cole Anthony,ORL,22,58,28,30,0.5,0.242,0.086,0.189,45.4,0.023,0.064,36.2,0.047,0.053,89,0.014,0.074,0.088,0.072,0.028,0.012,0.01,0.05,0.493,1,0,-0.012
135,136,Lonnie Walker IV,LAL,24,55,26,29,0.5,0.233,0.084,0.188,44.7,0.032,0.089,36.3,0.033,0.038,85.8,0.005,0.034,0.039,0.023,0.016,0.011,0.006,0.025,0.346,0,0,-0.073
136,137,T.J. Warren,PHX,29,41,25,16,0.5,0.218,0.092,0.187,49.1,0.015,0.046,33.3,0.019,0.024,80,0.018,0.064,0.082,0.027,0.014,0.015,0.008,0.045,0.415,0,0,0.042
137,138,A.J. Lawson,DAL,22,13,5,8,0.5,0.245,0.094,0.187,50,0.05,0.115,43.8,0.007,0.022,33.3,0.014,0.058,0.072,0.007,0.007,0.007,0,0.058,0.356,0,0,-0.101
138,139,Kevin Huerter,SAC,24,72,43,29,0.5,0.247,0.091,0.186,48.6,0.045,0.111,40.5,0.021,0.029,72.5,0.009,0.045,0.054,0.047,0.021,0.017,0.005,0.039,0.427,0,0,0.05
139,140,Reggie Jackson,DEN,32,63,34,29,0.5,0.2,0.076,0.186,40.6,0.028,0.083,33.5,0.021,0.023,90.5,0.008,0.033,0.041,0.068,0.034,0.014,0.002,0.033,0.364,1,0,-0.029
140,141,Obi Toppin,NYK,25,64,36,28,0.5,0.212,0.08,0.186,43.1,0.037,0.111,33.5,0.015,0.019,78.4,0.014,0.074,0.087,0.027,0.017,0.01,0.006,0.031,0.388,0,0,0.019
141,142,Scottie Barnes,TOR,21,73,36,37,0.5,0.218,0.085,0.186,46,0.012,0.04,28.8,0.035,0.045,77.8,0.034,0.061,0.095,0.068,0.028,0.015,0.011,0.031,0.484,15,1,0.035
142,143,Rui Hachimura,LAL,25,59,35,24,0.5,0.225,0.09,0.185,48.7,0.017,0.05,33.1,0.028,0.038,73.9,0.016,0.074,0.09,0.018,0.018,0.006,0.008,0.023,0.387,2,0,-0.011
143,144,James Wiseman,DET,22,41,10,31,0.5,0.247,0.105,0.185,56.9,0.002,0.012,21.1,0.034,0.049,70,0.04,0.108,0.148,0.016,0.028,0.004,0.015,0.06,0.48,7,0,-0.169
144,145,Jalen Smith,IND,23,66,31,35,0.5,0.231,0.087,0.185,46.8,0.019,0.071,27.3,0.039,0.051,75.6,0.047,0.098,0.145,0.025,0.026,0.007,0.021,0.055,0.499,7,0,-0.029
145,146,Saddiq Bey,ATL,23,73,22,51,0.5,0.234,0.077,0.184,41.6,0.033,0.092,36,0.047,0.055,86.1,0.021,0.059,0.08,0.025,0.016,0.015,0.003,0.027,0.407,4,0,-0.042
146,147,Marvin Bagley III,DET,24,40,6,34,0.5,0.243,0.098,0.183,53.5,0.008,0.031,26.2,0.039,0.051,75.2,0.047,0.083,0.13,0.018,0.021,0.009,0.015,0.04,0.476,8,0,-0.117
147,148,Killian Hayes,DET,21,72,15,57,0.5,0.173,0.068,0.183,37.4,0.018,0.064,27.8,0.018,0.023,80.2,0.006,0.043,0.049,0.106,0.038,0.023,0.006,0.05,0.441,6,0,-0.117
148,149,Scotty Pippen Jr.,LAL,22,6,1,5,0.5,0.212,0.061,0.182,33.3,0.015,0.045,33.3,0.076,0.136,55.6,0.03,0.03,0.061,0.03,0.03,0.03,0.015,0.045,0.436,0,0,-0.015
149,150,O.G. Anunoby,TOR,25,64,32,32,0.5,0.232,0.087,0.18,48,0.029,0.075,39.5,0.03,0.036,83.8,0.02,0.05,0.069,0.026,0.028,0.026,0.01,0.041,0.434,2,0,0.029
150,151,Doug McDermott,SAS,31,63,19,44,0.5,0.228,0.083,0.18,46.1,0.043,0.103,41.8,0.019,0.024,75.7,0.008,0.04,0.048,0.032,0.02,0.005,0.002,0.041,0.332,0,0,-0.079
151,152,Simone Fontecchio,UTA,27,48,24,24,0.5,0.189,0.065,0.18,36.1,0.036,0.111,32.7,0.023,0.029,78.6,0.018,0.029,0.047,0.025,0.022,0.009,0.005,0.036,0.303,0,0,-0.129
152,153,De'Andre Hunter,ATL,25,65,35,30,0.5,0.225,0.083,0.18,45.9,0.022,0.063,35.1,0.037,0.046,82.3,0.01,0.052,0.062,0.021,0.018,0.008,0.004,0.044,0.347,1,0,-0.002
153,154,Markelle Fultz,ORL,24,57,29,28,0.5,0.221,0.092,0.18,51.2,0.007,0.023,30.5,0.031,0.039,78.2,0.019,0.045,0.064,0.09,0.038,0.024,0.007,0.035,0.488,3,0,-0.032
154,155,Kris Dunn,UTA,29,18,7,11,0.5,0.229,0.092,0.179,51.5,0.014,0.032,43.3,0.03,0.042,71.8,0.009,0.068,0.076,0.097,0.027,0.02,0.01,0.048,0.528,1,0,-0.078
155,156,Luguentz Dort,OKC,23,72,35,37,0.5,0.208,0.07,0.179,39,0.028,0.084,33.8,0.04,0.052,77.7,0.025,0.045,0.07,0.032,0.019,0.016,0.005,0.05,0.383,5,0,0.011
156,157,Kira Lewis Jr.,NOP,21,24,11,13,0.5,0.227,0.081,0.178,45.5,0.03,0.069,44.1,0.034,0.041,85,0.01,0.057,0.067,0.047,0.02,0.02,0.004,0.049,0.43,0,0,0.12
157,158,TyTy Washington Jr.,HOU,21,30,5,25,0.5,0.157,0.063,0.178,35.5,0.02,0.09,21.8,0.011,0.018,62.5,0.002,0.046,0.048,0.054,0.016,0.015,0.002,0.031,0.332,0,0,-0.056
158,159,Jeremy Sochan,SAS,19,56,15,41,0.5,0.198,0.081,0.178,45.3,0.011,0.043,24.6,0.026,0.037,69.8,0.031,0.064,0.095,0.046,0.031,0.014,0.007,0.045,0.413,2,0,-0.076
159,160,Seth Curry,BKN,32,58,35,23,0.5,0.22,0.082,0.178,46.3,0.037,0.091,40.1,0.019,0.021,94.1,0.005,0.034,0.039,0.039,0.02,0.014,0.003,0.038,0.357,0,0,-0.025
160,161,Aaron Gordon,DEN,27,65,44,21,0.5,0.263,0.101,0.177,56.9,0.015,0.041,35.3,0.046,0.075,61.3,0.038,0.066,0.104,0.047,0.023,0.013,0.012,0.03,0.507,10,0,0.129
161,162,AJ Griffin,ATL,19,69,32,37,0.5,0.212,0.083,0.177,46.6,0.033,0.087,38.6,0.013,0.015,90.5,0.012,0.039,0.051,0.024,0.014,0.014,0.004,0.029,0.351,0,0,0.021
162,163,Malaki Branham,SAS,19,62,13,49,0.5,0.195,0.078,0.177,44.2,0.023,0.074,30.8,0.016,0.019,80.3,0.009,0.045,0.053,0.039,0.024,0.01,0.002,0.035,0.332,0,0,-0.103
163,164,Alperen Sengun,HOU,20,72,15,57,0.5,0.245,0.098,0.176,55.7,0.004,0.012,30.8,0.044,0.063,71,0.053,0.093,0.146,0.063,0.042,0.014,0.015,0.057,0.562,26,2,-0.069
164,165,Goran Dragic,MIL,36,54,25,29,0.5,0.192,0.075,0.176,42.3,0.028,0.076,36.4,0.016,0.024,65.9,0.007,0.033,0.041,0.082,0.033,0.007,0.002,0.037,0.361,0,0,0.018
165,166,Payton Pritchard,BOS,25,46,30,16,0.5,0.183,0.069,0.176,39,0.036,0.109,33.1,0.009,0.013,73.3,0.018,0.04,0.059,0.04,0.027,0.012,0.001,0.029,0.325,0,0,-0.01
166,167,Tari Eason,HOU,21,79,19,60,0.5,0.203,0.079,0.176,44.7,0.016,0.046,34.3,0.029,0.039,75,0.053,0.08,0.132,0.023,0.026,0.025,0.012,0.051,0.481,7,0,-0.049
167,168,Jose Alvarado,NOP,24,61,30,31,0.5,0.198,0.072,0.176,41.1,0.03,0.089,33.6,0.023,0.029,81.3,0.01,0.041,0.051,0.067,0.029,0.024,0.004,0.045,0.413,0,0,0.037
168,169,Wendell Carter Jr.,ORL,23,55,26,29,0.5,0.249,0.092,0.176,52.7,0.022,0.064,35,0.042,0.056,74.1,0.035,0.106,0.141,0.037,0.031,0.008,0.01,0.045,0.496,20,0,-0.011
169,170,Hamidou Diallo,DET,24,56,12,44,0.5,0.244,0.101,0.175,57.3,0.002,0.01,23.8,0.041,0.069,58.8,0.027,0.064,0.091,0.026,0.033,0.025,0.007,0.058,0.455,0,0,-0.007
170,171,Landry Shamet,PHX,26,36,17,19,0.5,0.206,0.067,0.175,38.3,0.045,0.118,37.8,0.027,0.031,87.8,0.006,0.031,0.036,0.049,0.022,0.015,0.003,0.036,0.356,0,0,0.013
171,172,Jusuf Nurkic,POR,28,52,24,28,0.5,0.24,0.091,0.175,51.9,0.015,0.041,36.1,0.044,0.067,66.1,0.039,0.124,0.163,0.052,0.041,0.015,0.015,0.064,0.563,18,0,0.003
172,173,Zach Collins,SAS,25,62,19,43,0.5,0.232,0.09,0.175,51.5,0.018,0.047,37.5,0.035,0.046,76.3,0.037,0.092,0.128,0.058,0.042,0.012,0.015,0.064,0.513,8,0,-0.079
173,174,Brook Lopez,MIL,35,75,54,21,0.5,0.239,0.092,0.175,52.6,0.027,0.072,37.1,0.029,0.037,78.3,0.031,0.073,0.104,0.02,0.021,0.007,0.038,0.04,0.509,11,0,0.07
174,175,Peyton Watson,DEN,20,18,11,7,0.5,0.211,0.09,0.175,51.7,0.03,0.048,62.5,0,0.012,0,0.018,0.084,0.102,0.018,0.024,0,0.018,0.03,0.391,0,0,-0.175
175,176,Tre Jones,SAS,23,64,18,46,0.5,0.201,0.079,0.174,45.1,0.01,0.037,27.2,0.034,0.039,86,0.013,0.044,0.056,0.102,0.026,0.022,0.002,0.024,0.468,4,1,-0.079
176,177,Jabari Smith Jr.,HOU,19,76,18,58,0.5,0.196,0.07,0.174,40.4,0.024,0.078,30.6,0.031,0.039,78.2,0.024,0.088,0.112,0.02,0.02,0.008,0.014,0.045,0.407,15,0,-0.118
177,178,Malcolm Hill,CHI,27,5,4,1,0.4,0.217,0.087,0.174,50,0.043,0.13,33.3,0,0,0,0,0.13,0.13,0,0,0,0,0.043,0.374,0,0,0.391
178,179,Chris Duarte,IND,25,46,19,27,0.5,0.189,0.064,0.173,36.9,0.029,0.091,31.6,0.032,0.038,84.7,0.01,0.05,0.06,0.033,0.021,0.013,0.005,0.034,0.342,0,0,-0.059
179,180,Tyus Jones,MEM,26,77,49,28,0.5,0.201,0.076,0.173,44,0.03,0.079,37.8,0.019,0.024,79.8,0.007,0.041,0.048,0.099,0.018,0.019,0.001,0.008,0.451,8,1,0.03
180,181,Evan Fournier,NYK,30,24,14,10,0.5,0.179,0.06,0.173,34.9,0.038,0.117,32,0.021,0.024,85.7,0.005,0.049,0.054,0.04,0.024,0.016,0.003,0.05,0.337,0,0,-0.01
181,182,Tobias Harris,PHI,30,71,46,25,0.5,0.224,0.087,0.173,50.3,0.026,0.066,39.5,0.023,0.027,87.4,0.013,0.073,0.086,0.038,0.018,0.014,0.008,0.03,0.431,7,0,0.064
182,183,Eugene Omoruyi,DET,26,38,10,28,0.5,0.209,0.078,0.173,44.9,0.018,0.066,26.8,0.036,0.054,66.2,0.033,0.051,0.084,0.02,0.025,0.02,0.002,0.071,0.383,0,0,-0.016
183,184,Edmond Sumner,BKN,27,51,31,20,0.5,0.241,0.079,0.173,45.7,0.02,0.056,36,0.063,0.068,92.3,0.008,0.042,0.05,0.044,0.031,0.02,0.007,0.054,0.416,0,0,0.016
184,185,Josh Richardson,NOP,29,61,22,39,0.5,0.205,0.075,0.173,43.4,0.033,0.091,36.5,0.022,0.026,85.2,0.013,0.042,0.054,0.055,0.026,0.021,0.006,0.035,0.409,1,0,-0.038
185,186,Jarrell Brantley,UTA,26,4,0,4,0.5,0.272,0.099,0.173,57.1,0.049,0.111,44.4,0.025,0.025,100,0.012,0.062,0.074,0.037,0.025,0,0.025,0.037,0.465,0,0,0.185
186,187,Marcus Morris Sr.,LAC,33,65,35,30,0.5,0.195,0.074,0.173,42.6,0.03,0.082,36.5,0.018,0.023,78.2,0.008,0.061,0.069,0.031,0.015,0.011,0.006,0.037,0.36,2,0,-0.004
187,188,Patty Mills,BKN,34,39,18,21,0.5,0.204,0.072,0.173,41.9,0.041,0.109,37.6,0.018,0.02,91.3,0.007,0.03,0.037,0.047,0.023,0.012,0.003,0.025,0.34,0,0,-0.034
188,189,Chris Paul,PHX,37,57,31,26,0.5,0.208,0.075,0.173,43.2,0.023,0.066,35.8,0.036,0.043,83.1,0.007,0.059,0.066,0.14,0.03,0.024,0.006,0.034,0.557,17,0,0.018
189,190,James Bouknight,CHA,22,31,8,23,0.5,0.176,0.063,0.172,36.4,0.031,0.096,32.2,0.019,0.028,69.2,0.007,0.063,0.07,0.04,0.028,0.015,0.005,0.039,0.353,0,0,-0.079
190,191,Evan Mobley,CLE,21,76,46,30,0.5,0.234,0.096,0.172,55.9,0.004,0.019,21.2,0.038,0.057,67.3,0.034,0.095,0.129,0.041,0.027,0.011,0.022,0.04,0.521,23,0,0.06
191,192,Tyrese Martin,ATL,24,13,8,5,0.5,0.161,0.065,0.172,37.5,0.011,0.054,20,0.022,0.022,100,0.022,0.043,0.065,0,0.011,0.011,0,0.022,0.26,0,0,0.043
192,193,Jordan Nwora,IND,24,58,35,23,0.5,0.209,0.075,0.172,43.7,0.033,0.081,41.2,0.025,0.032,78.7,0.02,0.07,0.09,0.035,0.026,0.01,0.006,0.028,0.391,0,0,-0.091
193,194,Gordon Hayward,CHA,33,50,20,30,0.5,0.216,0.082,0.172,47.5,0.015,0.047,32.5,0.038,0.047,81.1,0.01,0.054,0.063,0.061,0.029,0.012,0.004,0.021,0.403,2,0,-0.032
194,195,Victor Oladipo,MIA,30,40,22,18,0.5,0.186,0.066,0.171,38.7,0.027,0.087,30.9,0.027,0.035,77.3,0.007,0.051,0.058,0.062,0.036,0.025,0.005,0.043,0.402,0,0,-0.029
195,196,Max Strus,MIA,27,76,39,37,0.5,0.2,0.07,0.171,41.1,0.042,0.121,34.9,0.017,0.02,88.5,0.011,0.045,0.056,0.036,0.015,0.009,0.002,0.036,0.342,2,0,-0.029
196,197,Will Barton,TOR,32,52,25,27,0.5,0.175,0.063,0.17,37,0.029,0.084,35,0.019,0.024,78.7,0.007,0.06,0.066,0.055,0.025,0.012,0.006,0.026,0.367,0,0,-0.092
197,198,Willy Hernangomez,NOP,28,38,23,15,0.5,0.263,0.089,0.17,52.7,0.003,0.011,27.3,0.081,0.105,77.9,0.058,0.123,0.181,0.033,0.039,0.017,0.013,0.064,0.581,2,0,0.019
198,199,Chris Boucher,TOR,30,72,37,35,0.5,0.225,0.083,0.169,49.1,0.019,0.061,32,0.04,0.053,75.5,0.051,0.085,0.136,0.009,0.013,0.015,0.021,0.046,0.498,9,0,-0.007
199,200,Malachi Flynn,TOR,24,50,27,23,0.5,0.167,0.059,0.169,34.7,0.034,0.097,34.9,0.016,0.022,72.4,0.011,0.042,0.053,0.049,0.017,0.014,0.003,0.045,0.338,0,0,-0.045
200,201,Cedi Osman,CLE,27,73,45,28,0.5,0.211,0.076,0.169,44.9,0.037,0.1,36.6,0.023,0.033,69,0.008,0.047,0.055,0.036,0.016,0.011,0.004,0.039,0.359,1,0,0.07
201,202,Precious Achiuwa,TOR,23,51,28,23,0.5,0.209,0.08,0.169,47.5,0.011,0.044,24.5,0.038,0.055,68.6,0.043,0.094,0.137,0.022,0.026,0.013,0.013,0.044,0.458,9,0,-0.019
202,203,Johnny Davis,WAS,21,24,9,15,0.5,0.165,0.067,0.168,39.6,0.016,0.067,23.7,0.016,0.03,52.9,0.012,0.06,0.072,0.021,0.014,0.005,0.007,0.061,0.306,0,0,-0.058
203,204,Dewayne Dedmon,PHI,33,36,21,15,0.5,0.219,0.084,0.168,49.6,0.013,0.046,28.9,0.039,0.056,69.6,0.039,0.109,0.148,0.023,0.027,0.01,0.023,0.082,0.502,0,0,-0.16
204,205,AJ Green,MIL,23,33,26,7,0.5,0.214,0.074,0.168,44,0.061,0.141,43.3,0.006,0.006,100,0.007,0.049,0.057,0.029,0.013,0.009,0,0.043,0.339,0,0,-0.042
205,206,Shaedon Sharpe,POR,19,77,32,45,0.5,0.206,0.08,0.168,47.5,0.027,0.073,36.8,0.019,0.027,71.6,0.016,0.045,0.062,0.023,0.021,0.01,0.007,0.038,0.343,0,0,-0.067
206,207,David Duke Jr.,BKN,23,20,8,12,0.5,0.176,0.077,0.168,46,0.003,0.021,12.5,0.019,0.029,63.6,0.021,0.035,0.056,0.043,0.04,0.019,0.003,0.072,0.33,0,0,-0.029
207,208,Isaiah Joe,OKC,23,71,35,36,0.5,0.227,0.074,0.167,44.4,0.053,0.13,40.8,0.026,0.032,81.7,0.009,0.048,0.057,0.028,0.012,0.015,0.003,0.034,0.381,0,0,0.075
208,209,Moritz Wagner,ORL,25,55,27,28,0.5,0.257,0.085,0.167,50.8,0.021,0.068,31.2,0.066,0.078,84.4,0.03,0.08,0.109,0.036,0.028,0.016,0.005,0.057,0.477,3,0,-0.008
209,210,Dylan Windler,CLE,26,3,3,0,0.6,0.278,0.111,0.167,66.7,0.056,0.111,50,0,0,0,0,0,0,0.056,0.056,0.056,0,0,0.472,0,0,-0.056
210,210,Jay Scrubb,ORL,22,1,1,0,0.4,0.333,0.167,0.167,100,0,0,0,0,0,0,0,0.167,0.167,0,0,0,0,0.167,0.533,0,0,0.333
211,210,Jordan Schakel,WAS,24,2,0,2,0.5,0.25,0.083,0.167,50,0.083,0.083,100,0,0,0,0,0,0,0.083,0,0.083,0,0.083,0.625,0,0,0.5
212,213,Jonathan Kuminga,GSW,20,63,35,28,0.5,0.22,0.087,0.167,52.1,0.017,0.049,35.5,0.029,0.045,64.3,0.023,0.053,0.076,0.041,0.032,0.013,0.01,0.054,0.41,1,0,-0.023
213,214,Julian Champagnie,SAS,21,13,5,8,0.5,0.207,0.077,0.166,46.6,0.041,0.107,38.3,0.011,0.014,83.3,0.014,0.066,0.08,0.009,0.016,0.009,0.009,0.043,0.355,0,0,-0.194
214,215,Terrence Ross,PHX,32,59,25,34,0.5,0.189,0.072,0.166,43.3,0.035,0.094,37.7,0.01,0.012,78.1,0.008,0.045,0.053,0.032,0.016,0.013,0.003,0.035,0.332,0,0,-0.023
215,216,Duncan Robinson,MIA,28,39,17,22,0.5,0.186,0.061,0.166,36.8,0.045,0.135,33.5,0.019,0.02,92.3,0.006,0.042,0.049,0.031,0.019,0.009,0,0.052,0.301,0,0,-0.041
216,217,Jalen Suggs,ORL,21,49,20,29,0.5,0.194,0.069,0.166,41.7,0.024,0.074,31.9,0.033,0.046,71.1,0.02,0.038,0.058,0.06,0.036,0.027,0.01,0.047,0.429,0,0,-0.014
217,218,JaVale McGee,DAL,35,40,19,21,0.5,0.242,0.104,0.165,63,0.001,0.006,25,0.032,0.054,59,0.042,0.104,0.146,0.015,0.049,0.006,0.032,0.074,0.503,0,0,-0.09
218,219,MarJon Beauchamp,MIL,22,47,31,16,0.5,0.181,0.066,0.165,40.1,0.031,0.096,32.5,0.017,0.025,69.7,0.027,0.05,0.077,0.021,0.03,0.014,0.004,0.047,0.328,0,0,-0.053
219,220,Aleksej Pokusevski,OKC,21,34,16,18,0.5,0.182,0.071,0.164,43.4,0.025,0.069,36.5,0.015,0.023,62.9,0.03,0.075,0.105,0.042,0.028,0.013,0.028,0.038,0.468,3,0,-0.129
220,221,Dario Saric,OKC,28,55,25,30,0.5,0.213,0.075,0.164,45.8,0.026,0.068,38.5,0.037,0.044,84.3,0.031,0.089,0.12,0.045,0.034,0.011,0.003,0.06,0.434,1,0,0.011
221,222,Rudy Gay,UTA,36,56,29,27,0.5,0.167,0.062,0.164,37.8,0.019,0.075,25.2,0.024,0.028,85.7,0.019,0.074,0.093,0.032,0.021,0.011,0.01,0.039,0.369,0,0,0.032
222,223,Caris LeVert,CLE,28,72,43,29,0.5,0.196,0.07,0.164,42.7,0.027,0.071,38.5,0.029,0.04,72.2,0.012,0.051,0.063,0.064,0.026,0.016,0.005,0.037,0.404,1,0,0.042
223,224,Kevin Love,MIA,34,59,32,27,0.5,0.197,0.064,0.164,38.8,0.038,0.114,33.3,0.032,0.036,88.8,0.023,0.132,0.155,0.045,0.027,0.006,0.004,0.038,0.456,6,0,0.032
224,225,Nikola Jovic,MIA,19,15,7,8,0.5,0.194,0.066,0.164,40.6,0.019,0.083,22.9,0.043,0.045,94.7,0.021,0.052,0.073,0.024,0.024,0.017,0.005,0.045,0.358,0,0,-0.038
225,226,Domantas Sabonis,SAC,26,76,46,30,0.5,0.263,0.1,0.163,61.4,0.005,0.014,36.3,0.058,0.077,74.9,0.043,0.126,0.17,0.098,0.04,0.012,0.007,0.049,0.629,63,12,0.039
226,227,Coby White,CHI,23,70,35,35,0.5,0.194,0.071,0.162,43.8,0.036,0.096,37.5,0.017,0.02,86.6,0.005,0.052,0.057,0.055,0.019,0.015,0.002,0.035,0.378,0,0,0.037
227,228,Jalen Williams,OKC,21,73,35,38,0.5,0.215,0.084,0.161,52.3,0.015,0.042,35.4,0.032,0.039,80.9,0.017,0.052,0.07,0.051,0.025,0.021,0.007,0.039,0.436,3,0,-0.012
228,229,Josh Minott,MIN,20,14,6,8,0.4,0.218,0.085,0.161,52.9,0.009,0.028,33.3,0.038,0.038,100,0.024,0.095,0.118,0.019,0.014,0.019,0.028,0.047,0.517,1,0,0.142
229,230,Boban Marjanovic,HOU,34,29,5,24,0.5,0.277,0.107,0.16,66.7,0,0.003,0,0.063,0.082,76.9,0.05,0.113,0.164,0.025,0.041,0.013,0.003,0.025,0.517,0,0,0.164
230,231,Buddy Boeheim,DET,23,8,1,7,0.5,0.107,0.033,0.16,20.8,0.027,0.147,18.2,0.013,0.013,100,0.013,0.02,0.033,0.02,0,0.013,0,0.033,0.217,0,0,0.08
231,231,Jordan Hall,SAS,21,9,1,8,0.5,0.16,0.051,0.16,32.1,0.017,0.086,20,0.04,0.051,77.8,0.017,0.051,0.069,0.063,0.04,0.006,0,0.034,0.314,0,0,-0.137
232,233,Jae'Sean Tate,HOU,27,31,7,24,0.5,0.198,0.077,0.16,48,0.009,0.032,28.3,0.035,0.048,72.5,0.029,0.054,0.082,0.059,0.033,0.015,0.005,0.074,0.41,0,0,-0.066
233,234,Jock Landale,PHX,27,65,33,32,0.5,0.217,0.083,0.16,52.3,0.01,0.042,24.4,0.04,0.052,76.5,0.058,0.076,0.134,0.032,0.029,0.008,0.015,0.063,0.468,2,0,0.074
234,235,Jason Preston,LAC,23,13,3,10,0.5,0.16,0.07,0.16,43.9,0.019,0.07,27.8,0,0.008,0,0.008,0.078,0.086,0.105,0.039,0.008,0,0.027,0.404,0,0,-0.035
235,236,Thomas Bryant,DEN,25,58,32,26,0.5,0.251,0.099,0.16,62.3,0.011,0.025,42.9,0.041,0.056,73.8,0.038,0.109,0.146,0.014,0.017,0.007,0.013,0.045,0.489,9,0,-0.046
236,237,Georges Niang,PHI,29,74,49,25,0.5,0.201,0.07,0.158,44,0.049,0.123,40.1,0.013,0.015,86.4,0.006,0.052,0.058,0.025,0.016,0.01,0.005,0.048,0.335,0,0,0.037
237,238,Trevor Hudgins,HOU,24,5,0,5,0.5,0.158,0.035,0.158,22.2,0.035,0.14,25,0.053,0.053,100,0,0,0,0.053,0.018,0,0,0.018,0.219,0,0,0.053
238,239,Sandro Mamukelashvili,SAS,23,39,21,18,0.5,0.175,0.064,0.157,40.9,0.019,0.07,27.7,0.027,0.038,71.1,0.049,0.08,0.13,0.043,0.023,0.009,0.008,0.041,0.426,1,0,-0.108
239,240,Ziaire Williams,MEM,21,36,21,15,0.5,0.165,0.067,0.157,42.4,0.02,0.079,24.7,0.012,0.016,77.8,0.013,0.053,0.067,0.023,0.032,0.012,0.004,0.051,0.299,0,0,-0.061
240,241,Matt Ryan,MIN,25,33,14,19,0.5,0.179,0.059,0.157,37.4,0.047,0.122,38.6,0.015,0.018,83.3,0.006,0.032,0.038,0.022,0.01,0.007,0.001,0.04,0.274,0,0,0.04
241,242,David Roddy,MEM,22,66,42,24,0.5,0.175,0.067,0.157,42.8,0.024,0.079,30.1,0.017,0.027,63.1,0.02,0.054,0.074,0.02,0.021,0.012,0.007,0.041,0.33,0,0,-0.022
242,243,Isaiah Mobley,CLE,23,10,7,3,0.5,0.172,0.078,0.156,50,0.016,0.047,33.3,0,0,0,0.016,0.172,0.188,0,0,0.016,0.016,0.031,0.491,0,0,0.328
243,244,Derrick White,BOS,28,78,54,24,0.5,0.209,0.072,0.156,46.1,0.031,0.081,38.4,0.034,0.039,87.7,0.011,0.049,0.06,0.066,0.018,0.011,0.016,0.037,0.444,6,0,0.102
244,245,Gabe Vincent,MIA,26,64,34,30,0.5,0.177,0.063,0.156,40.1,0.032,0.096,33.3,0.02,0.022,88.3,0.008,0.032,0.04,0.045,0.027,0.017,0.001,0.044,0.322,0,0,-0.007
245,246,Nickeil Alexander-Walker,MIN,24,56,26,30,0.5,0.192,0.069,0.156,44.2,0.031,0.082,38.1,0.022,0.034,66.7,0.008,0.047,0.055,0.058,0.03,0.017,0.011,0.047,0.397,0,0,-0.04
246,247,Eric Gordon,LAC,34,66,22,44,0.5,0.206,0.07,0.155,45,0.031,0.083,37.4,0.035,0.043,82.1,0.004,0.028,0.032,0.044,0.025,0.01,0.006,0.018,0.334,0,0,-0.052
247,248,T.J. McConnell,IND,31,73,31,42,0.5,0.191,0.083,0.155,53.6,0.008,0.018,43.1,0.016,0.02,84.1,0.014,0.057,0.07,0.118,0.043,0.024,0.003,0.031,0.491,5,1,-0.025
248,249,Bruce Brown,DEN,26,76,51,25,0.5,0.192,0.075,0.155,48,0.02,0.055,36.2,0.023,0.03,74.6,0.013,0.057,0.069,0.057,0.027,0.018,0.011,0.041,0.419,3,1,0.007
249,250,John Collins,ATL,25,68,35,33,0.5,0.201,0.079,0.155,50.6,0.015,0.052,28.2,0.03,0.038,79.3,0.017,0.084,0.102,0.019,0.018,0.01,0.016,0.048,0.411,11,0,-0.007
250,251,Jakob Poeltl,TOR,27,68,24,44,0.5,0.227,0.098,0.155,63.3,0,0,0,0.031,0.052,59.9,0.059,0.105,0.164,0.05,0.032,0.017,0.023,0.049,0.584,19,0,-0.04
251,252,Andre Drummond,CHI,29,64,31,33,0.5,0.225,0.094,0.155,60.9,0,0.002,0,0.036,0.067,53.9,0.077,0.172,0.249,0.019,0.043,0.026,0.015,0.067,0.63,8,0,0.023
252,253,Keegan Murray,SAC,22,76,46,30,0.5,0.193,0.07,0.154,45.2,0.041,0.099,41,0.013,0.017,76.3,0.018,0.055,0.073,0.019,0.012,0.013,0.008,0.032,0.359,4,0,0.028
253,254,Aaron Nesmith,IND,23,69,29,40,0.5,0.189,0.065,0.154,42.3,0.029,0.083,35.7,0.029,0.035,84.9,0.016,0.055,0.072,0.026,0.02,0.015,0.009,0.062,0.363,1,0,-0.042
254,255,Trey Murphy III,NOP,22,75,37,38,0.5,0.219,0.074,0.154,48.2,0.039,0.096,40.7,0.031,0.034,90.9,0.012,0.044,0.056,0.022,0.013,0.017,0.009,0.03,0.384,1,0,0.006
255,256,Quenton Jackson,WAS,24,5,2,3,0.5,0.169,0.062,0.154,40,0.015,0.077,20,0.031,0.031,100,0.015,0.015,0.031,0.031,0,0.015,0.015,0.046,0.345,0,0,0.138
256,257,Kevin Knox II,POR,23,59,12,47,0.5,0.191,0.071,0.154,46,0.03,0.089,34,0.019,0.025,77.3,0.017,0.07,0.087,0.016,0.023,0.012,0.007,0.051,0.352,1,0,-0.097
257,258,Moses Brown,BKN,23,36,17,19,0.5,0.248,0.097,0.153,63.5,0,0,0,0.053,0.115,45.8,0.091,0.131,0.222,0.006,0.024,0.006,0.022,0.062,0.586,3,0,0.043
258,259,Svi Mykhailiuk,CHA,25,29,15,14,0.5,0.209,0.071,0.153,46.7,0.041,0.085,47.8,0.026,0.04,64.5,0.011,0.034,0.046,0.045,0.018,0.014,0.005,0.02,0.371,0,0,0.009
259,260,Ish Smith,DEN,34,40,24,16,0.5,0.127,0.061,0.153,40.2,0.003,0.011,25,0.001,0.003,50,0.005,0.06,0.066,0.116,0.055,0.008,0.01,0.041,0.379,0,0,-0.052
260,261,Dennis Schroder,LAL,29,64,36,28,0.5,0.198,0.064,0.153,41.8,0.018,0.053,33.3,0.052,0.06,86.6,0.004,0.035,0.039,0.071,0.027,0.012,0.002,0.034,0.366,2,0,0.033
261,262,Gorgui Dieng,SAS,33,28,2,26,0.5,0.154,0.058,0.153,37.9,0.029,0.101,28.6,0.01,0.013,75,0.039,0.098,0.137,0.069,0.043,0.006,0.018,0.074,0.451,1,0,-0.198
262,263,Dennis Smith Jr.,CHA,25,54,19,35,0.5,0.16,0.063,0.153,41.2,0.008,0.038,21.6,0.026,0.036,73.6,0.009,0.047,0.056,0.088,0.028,0.025,0.008,0.041,0.434,1,0,-0.024
263,264,Lindy Waters III,OKC,25,39,18,21,0.5,0.182,0.059,0.152,38.8,0.05,0.139,35.8,0.015,0.018,80,0.012,0.053,0.065,0.025,0.009,0.012,0.009,0.037,0.352,0,0,0.104
264,265,Mo Bamba,LAL,24,47,23,24,0.5,0.205,0.074,0.152,48.7,0.031,0.078,39,0.026,0.04,66.1,0.036,0.105,0.141,0.029,0.019,0.008,0.027,0.066,0.504,2,0,0.006
265,266,Trey Lyles,SAC,27,70,42,28,0.5,0.214,0.07,0.152,46.5,0.033,0.088,36.9,0.04,0.049,81.5,0.025,0.087,0.112,0.025,0.025,0.011,0.012,0.036,0.43,1,0,0.043
266,267,Ricky Rubio,CLE,32,29,20,9,0.5,0.155,0.055,0.151,36.6,0.019,0.072,26,0.026,0.033,78.8,0.007,0.053,0.06,0.095,0.027,0.024,0.005,0.045,0.429,0,0,0.037
267,268,Isaiah Roby,SAS,25,42,9,33,0.5,0.168,0.065,0.151,43.2,0.018,0.059,30,0.02,0.04,48.8,0.02,0.085,0.105,0.037,0.03,0.018,0.007,0.052,0.393,0,0,-0.107
268,269,Blake Wesley,SAS,20,33,7,26,0.5,0.13,0.048,0.151,31.5,0.013,0.038,34.8,0.021,0.034,61.9,0.009,0.045,0.054,0.068,0.046,0.017,0.003,0.05,0.313,0,0,-0.149
269,270,Devonte' Graham,SAS,28,72,31,41,0.5,0.189,0.056,0.151,37.4,0.042,0.119,35.1,0.035,0.046,75.2,0.007,0.036,0.043,0.069,0.018,0.015,0.006,0.027,0.39,0,0,-0.052
270,271,Naji Marshall,NOP,25,73,38,35,0.5,0.185,0.065,0.151,43.5,0.018,0.058,30.4,0.036,0.046,78.8,0.013,0.061,0.074,0.05,0.025,0.014,0.004,0.029,0.377,0,0,0.011
271,272,Jalen McDaniels,PHI,25,75,28,47,0.5,0.184,0.068,0.15,45.5,0.019,0.057,32.3,0.029,0.034,83.3,0.015,0.07,0.085,0.032,0.024,0.019,0.008,0.053,0.394,2,0,-0.035
272,273,Nassir Little,POR,23,54,22,32,0.5,0.178,0.066,0.15,44.2,0.029,0.078,36.7,0.016,0.023,71.7,0.013,0.056,0.07,0.025,0.018,0.01,0.01,0.033,0.34,0,0,-0.094
273,274,Davis Bertans,DAL,30,43,20,23,0.5,0.189,0.063,0.15,42.1,0.051,0.133,38.7,0.011,0.013,83.3,0.009,0.039,0.047,0.021,0.011,0.011,0.006,0.055,0.318,0,0,-0.045
274,275,De'Anthony Melton,PHI,24,74,49,25,0.5,0.182,0.065,0.15,43.2,0.036,0.092,39.6,0.016,0.02,79.3,0.016,0.056,0.072,0.046,0.024,0.029,0.009,0.044,0.43,0,0,0.032
275,276,Jack White,DEN,25,16,12,4,0.5,0.178,0.065,0.15,43.8,0.028,0.075,37.5,0.019,0.028,66.7,0.028,0.056,0.084,0.028,0.009,0.019,0.019,0.075,0.423,0,0,-0.28
276,277,Cam Reddish,POR,23,40,14,26,0.5,0.185,0.067,0.149,44.6,0.022,0.069,31.3,0.031,0.036,85.3,0.009,0.034,0.042,0.027,0.023,0.019,0.007,0.034,0.331,0,0,-0.092
277,278,Shake Milton,PHI,26,72,50,22,0.5,0.192,0.072,0.149,48.1,0.018,0.045,39.1,0.03,0.035,85.3,0.012,0.047,0.059,0.067,0.028,0.007,0.004,0.037,0.369,1,0,0.04
278,279,R.J. Hampton,DET,22,43,8,35,0.5,0.19,0.063,0.149,42.2,0.026,0.074,35.3,0.038,0.052,73.6,0.012,0.041,0.053,0.036,0.029,0.019,0.004,0.032,0.348,0,0,-0.084
279,280,Brandon Clarke,MEM,26,56,32,24,0.5,0.238,0.098,0.149,65.6,0,0.003,16.7,0.043,0.059,71.9,0.039,0.093,0.132,0.031,0.023,0.014,0.016,0.056,0.51,6,0,-0.006
280,281,Isaiah Todd,WAS,21,4,2,2,0.5,0.074,0.037,0.148,25,0,0.111,0,0,0,0,0,0,0,0,0,0,0,0,0.074,0,0,-0.111
281,282,Josh Okogie,PHX,24,68,36,32,0.5,0.19,0.059,0.148,40,0.024,0.07,33.9,0.048,0.066,72.1,0.039,0.05,0.089,0.037,0.023,0.02,0.013,0.042,0.426,2,0,0.042
282,283,Kenyon Martin Jr.,HOU,22,79,19,60,0.5,0.215,0.084,0.148,57,0.015,0.046,31.8,0.032,0.046,68.4,0.026,0.068,0.094,0.025,0.019,0.008,0.006,0.03,0.39,5,0,-0.081
283,284,Dru Smith,BKN,25,12,5,7,0.5,0.155,0.066,0.148,45,0.018,0.07,26.3,0.004,0.004,100,0.007,0.063,0.07,0.059,0.007,0.033,0.015,0.063,0.464,0,0,-0.026
284,285,Isaiah Stewart,DET,21,50,12,38,0.5,0.19,0.065,0.148,44.2,0.022,0.069,32.7,0.037,0.05,73.8,0.038,0.096,0.135,0.023,0.023,0.007,0.011,0.045,0.418,13,0,-0.076
285,286,Bol Bol,ORL,23,67,26,41,0.5,0.201,0.083,0.147,56.6,0.01,0.033,29.3,0.025,0.033,76,0.022,0.107,0.129,0.02,0.035,0.009,0.027,0.029,0.46,6,0,-0.038
286,287,Furkan Korkmaz,PHI,25,33,22,11,0.5,0.189,0.065,0.147,44,0.021,0.06,35.1,0.039,0.055,70.6,0.01,0.044,0.053,0.032,0.032,0.011,0.005,0.019,0.317,0,0,-0.024
287,288,Ousmane Dieng,OKC,19,36,18,18,0.5,0.152,0.061,0.147,41.4,0.022,0.08,27.3,0.009,0.015,58.8,0.015,0.071,0.087,0.032,0.018,0.012,0.005,0.035,0.337,0,0,0.023
288,289,Tony Bradley,CHI,25,12,5,7,0.4,0.232,0.073,0.146,50,0.037,0.061,60,0.049,0.049,100,0.012,0.122,0.134,0.012,0.012,0.012,0.012,0.024,0.472,0,0,0.134
289,290,Day'Ron Sharpe,BKN,21,44,20,24,0.5,0.192,0.079,0.146,54.1,0.006,0.01,54.5,0.028,0.043,65.2,0.084,0.086,0.17,0.031,0.039,0.012,0.027,0.079,0.52,2,0,-0.083
290,291,Monte Morris,WAS,27,62,28,34,0.5,0.181,0.07,0.146,48,0.022,0.058,38.2,0.018,0.022,83.1,0.007,0.052,0.06,0.093,0.017,0.012,0.004,0.021,0.422,2,0,0.002
291,292,Romeo Langford,SAS,23,40,12,28,0.5,0.167,0.069,0.146,47.4,0.009,0.034,27.6,0.02,0.029,67.3,0.032,0.033,0.065,0.028,0.015,0.013,0.008,0.039,0.334,0,0,-0.103
292,293,Jevon Carter,MIL,27,77,55,22,0.5,0.169,0.062,0.146,42.5,0.036,0.086,41.8,0.008,0.01,81.6,0.009,0.043,0.052,0.049,0.02,0.017,0.008,0.041,0.36,1,0,0.018
293,294,Clint Capela,ATL,28,62,33,29,0.5,0.209,0.095,0.146,64.9,0,0,0,0.02,0.033,60.7,0.071,0.123,0.194,0.016,0.014,0.012,0.021,0.037,0.551,34,0,-0.013
294,295,JaMychal Green,GSW,32,56,29,27,0.5,0.212,0.079,0.146,54,0.024,0.064,38.2,0.03,0.039,77.6,0.042,0.077,0.119,0.029,0.03,0.015,0.013,0.061,0.451,0,0,-0.097
295,296,Jarrett Culver,ATL,24,10,5,5,0.5,0.149,0.058,0.146,39.5,0.003,0.041,8.3,0.031,0.044,69.2,0.034,0.095,0.129,0.02,0.024,0.02,0.007,0.047,0.392,0,0,-0.064
296,297,Santi Aldama,MEM,22,75,46,29,0.5,0.194,0.069,0.145,47.3,0.026,0.074,35.6,0.03,0.04,75.4,0.023,0.078,0.102,0.026,0.016,0.012,0.014,0.04,0.417,4,0,0.026
297,298,Marcus Smart,BOS,29,60,43,17,0.5,0.17,0.06,0.145,41.4,0.028,0.083,33.7,0.022,0.028,75.7,0.011,0.035,0.046,0.094,0.035,0.023,0.006,0.042,0.417,6,0,0.06
298,299,Jeff Green,DEN,36,52,32,20,0.5,0.192,0.071,0.145,49.2,0.012,0.043,28.9,0.037,0.05,74,0.017,0.047,0.064,0.029,0.021,0.009,0.007,0.045,0.338,0,0,-0.099
299,300,Ryan Rollins,GSW,20,12,5,7,0.5,0.167,0.051,0.145,35,0.022,0.065,33.3,0.043,0.043,100,0.022,0.065,0.087,0.043,0.116,0.007,0.007,0.072,0.264,0,0,-0.341
300,301,Jordan Goodwin,WAS,24,58,21,37,0.5,0.169,0.065,0.145,45.1,0.016,0.048,33,0.023,0.03,76.2,0.026,0.062,0.088,0.068,0.023,0.025,0.011,0.042,0.461,0,0,-0.049
301,302,Luka Samanic,UTA,23,3,1,2,0.5,0.163,0.048,0.144,33.3,0.019,0.087,22.2,0.048,0.058,83.3,0,0.125,0.125,0.048,0.048,0.019,0.019,0.077,0.453,0,0,0.029
302,303,Taurean Prince,MIN,29,51,28,23,0.5,0.188,0.068,0.144,46.8,0.028,0.074,38,0.024,0.029,85.5,0.005,0.045,0.051,0.034,0.028,0.011,0.006,0.048,0.323,0,0,-0.017
303,304,Mike Conley,MIN,35,64,31,33,0.5,0.184,0.06,0.144,42,0.031,0.082,37.8,0.032,0.038,83.8,0.008,0.036,0.044,0.108,0.025,0.018,0.003,0.033,0.437,6,0,0.009
304,305,Andrew Nembhard,IND,23,71,31,40,0.5,0.158,0.063,0.144,43.8,0.021,0.062,34.8,0.01,0.013,79.2,0.008,0.037,0.045,0.074,0.027,0.015,0.003,0.042,0.35,4,0,-0.055
305,306,Jabari Walker,POR,20,52,21,31,0.5,0.155,0.059,0.143,41.1,0.011,0.04,28.9,0.026,0.033,78.4,0.038,0.063,0.1,0.026,0.019,0.008,0.011,0.05,0.351,0,0,-0.058
306,307,Isaiah Jackson,IND,21,59,23,36,0.5,0.205,0.081,0.143,56.8,0.001,0.007,14.3,0.041,0.064,64.9,0.051,0.074,0.125,0.023,0.021,0.014,0.041,0.068,0.535,5,0,-0.058
307,308,Bryn Forbes,MIN,29,25,9,16,0.5,0.153,0.052,0.143,36.1,0.024,0.079,30.4,0.026,0.026,100,0.007,0.019,0.026,0.029,0.021,0.012,0.003,0.038,0.254,0,0,-0.083
308,309,Deonte Burton,SAC,29,2,1,1,0.5,0,0,0.143,0,0,0.071,0,0,0,0,0,0,0,0,0,0,0,0,0,0,0,0.357
309,309,Justin Champagnie,TOR,21,3,2,1,0.5,0.286,0.143,0.143,100,0,0,0,0,0,0,0.048,0.143,0.19,0.048,0,0,0,0.048,0.586,0,0,-0.095
310,311,Chimezie Metu,SAC,26,63,40,23,0.5,0.205,0.084,0.143,58.9,0.006,0.025,24.3,0.03,0.04,75.9,0.032,0.098,0.13,0.028,0.02,0.014,0.014,0.055,0.469,0,0,0.067
311,312,Robert Covington,LAC,32,46,18,28,0.5,0.177,0.063,0.142,44,0.033,0.085,38.8,0.019,0.025,75,0.018,0.082,0.099,0.035,0.019,0.023,0.02,0.054,0.459,0,0,-0.013
312,313,Mamadi Diakite,CLE,26,20,14,6,0.5,0.135,0.058,0.142,40.5,0.019,0.065,29.4,0,0,0,0.023,0.054,0.077,0.015,0.031,0.008,0.027,0.073,0.323,0,0,-0.054
313,314,Mark Williams,CHA,21,41,17,24,0.5,0.214,0.089,0.142,62.4,0,0,0,0.037,0.054,68.5,0.054,0.117,0.171,0.011,0.023,0.016,0.026,0.053,0.537,9,0,-0.046
314,315,Keita Bates-Diop,SAS,27,63,16,47,0.5,0.197,0.072,0.142,50.7,0.017,0.043,38.7,0.036,0.045,79.4,0.021,0.057,0.079,0.031,0.018,0.015,0.006,0.021,0.382,0,0,-0.087
315,316,Montrezl Harrell,PHI,29,53,33,20,0.5,0.215,0.085,0.142,59.8,0,0.002,0,0.045,0.065,69,0.047,0.061,0.107,0.023,0.023,0.012,0.019,0.056,0.448,0,0,0
316,317,Mike Muscala,BOS,31,59,29,30,0.5,0.179,0.061,0.142,43.2,0.039,0.102,38.6,0.017,0.022,78,0.016,0.079,0.096,0.024,0.011,0.008,0.012,0.049,0.38,0,0,0.1
317,318,Damion Lee,PHX,30,71,39,32,0.5,0.192,0.063,0.142,44.6,0.035,0.079,44.8,0.03,0.033,90.2,0.011,0.059,0.07,0.032,0.024,0.01,0.002,0.037,0.336,0,0,0.033
318,319,Sam Hauser,BOS,25,76,52,24,0.5,0.182,0.064,0.141,45.1,0.05,0.119,41.7,0.005,0.007,70.6,0.013,0.062,0.075,0.023,0.01,0.01,0.008,0.038,0.35,0,0,0.076
319,320,Serge Ibaka,MIL,33,16,11,5,0.5,0.172,0.068,0.141,48.1,0.016,0.047,33.3,0.021,0.034,61.5,0.039,0.076,0.115,0.01,0.029,0.005,0.018,0.06,0.368,0,0,-0.065
320,321,Jaden McDaniels,MIN,22,76,38,38,0.5,0.187,0.073,0.141,51.4,0.021,0.053,39.2,0.022,0.029,74.1,0.018,0.042,0.06,0.03,0.022,0.014,0.015,0.054,0.369,0,0,0.011
321,322,Jeremiah Robinson-Earl,OKC,22,41,14,27,0.5,0.168,0.064,0.14,45.5,0.021,0.063,33.3,0.02,0.024,82.5,0.042,0.061,0.103,0.024,0.011,0.014,0.007,0.039,0.379,1,0,-0.013
322,323,Kyle Lowry,MIA,37,52,27,25,0.5,0.176,0.056,0.14,40,0.03,0.089,34,0.034,0.039,85.6,0.012,0.052,0.064,0.079,0.029,0.016,0.006,0.041,0.409,2,1,0.006
323,324,Jared Butler,OKC,22,3,1,2,0.5,0.158,0.07,0.14,50,0.018,0.053,33.3,0,0,0,0,0.018,0.018,0.07,0.035,0.07,0,0.07,0.46,0,0,-0.298
324,325,Jarrett Allen,CLE,24,65,42,23,0.5,0.217,0.09,0.14,64.5,0,0.002,11.1,0.037,0.05,74,0.049,0.101,0.15,0.025,0.021,0.012,0.019,0.034,0.507,32,0,0.074
325,326,Dalen Terry,CHI,20,34,17,17,0.5,0.163,0.063,0.139,45.3,0.016,0.053,30,0.021,0.039,53.3,0.026,0.053,0.079,0.055,0.018,0.016,0.011,0.05,0.401,0,0,0.018
326,327,Ty Jerome,GSW,25,44,21,23,0.5,0.178,0.068,0.139,48.8,0.02,0.052,38.9,0.022,0.024,92.7,0.004,0.041,0.045,0.078,0.017,0.013,0.003,0.037,0.379,0,0,-0.052
327,328,Harrison Barnes,SAC,30,78,47,31,0.5,0.216,0.065,0.139,46.8,0.023,0.062,37,0.063,0.074,84.5,0.015,0.051,0.066,0.023,0.016,0.01,0.002,0.018,0.349,0,0,0.046
328,329,Luke Kennard,MEM,26,57,35,22,0.5,0.194,0.067,0.139,48.3,0.047,0.096,48.4,0.013,0.014,94.6,0.005,0.052,0.057,0.032,0.017,0.011,0.002,0.031,0.334,0,0,0.064
329,329,Patrick Williams,CHI,21,78,38,40,0.5,0.171,0.064,0.139,46.5,0.023,0.057,41.4,0.019,0.022,87,0.016,0.052,0.067,0.021,0.021,0.015,0.014,0.031,0.348,1,0,-0.03
330,331,Rodney McGruder,DET,31,32,4,28,0.5,0.166,0.056,0.138,40.8,0.037,0.088,42.3,0.016,0.02,81.8,0.018,0.049,0.067,0.025,0.01,0.015,0.001,0.035,0.322,0,0,-0.04
331,332,Deni Avdija,WAS,22,76,33,43,0.5,0.166,0.06,0.138,43.7,0.016,0.055,29.7,0.029,0.039,73.9,0.018,0.099,0.116,0.05,0.029,0.016,0.007,0.05,0.419,11,0,-0.012
332,333,Jalen Johnson,ATL,21,66,33,33,0.5,0.167,0.066,0.138,47.7,0.013,0.045,29,0.022,0.033,66.2,0.024,0.103,0.128,0.035,0.016,0.015,0.014,0.051,0.443,1,0,-0.015
333,334,Oshae Brissett,IND,24,61,26,35,0.5,0.173,0.054,0.137,39,0.022,0.069,32.2,0.043,0.06,72.1,0.028,0.068,0.096,0.018,0.014,0.015,0.005,0.034,0.362,1,0,-0.003
334,335,Kennedy Chandler,MEM,20,34,21,13,0.5,0.129,0.057,0.137,41.8,0.003,0.026,13.3,0.01,0.023,46.2,0.012,0.049,0.061,0.099,0.03,0.021,0.009,0.026,0.41,0,0,-0.106
335,336,Greg Brown III,POR,21,16,10,6,0.5,0.137,0.054,0.137,39.3,0.005,0.034,14.3,0.025,0.059,41.7,0.01,0.083,0.093,0.015,0.029,0.02,0.025,0.064,0.374,0,0,-0.025
336,337,Cory Joseph,DET,31,58,11,47,0.5,0.169,0.059,0.137,43.1,0.026,0.067,38.6,0.025,0.031,80.3,0.007,0.035,0.042,0.087,0.023,0.013,0.004,0.035,0.377,0,0,-0.035
337,338,Terance Mann,LAC,26,78,41,37,0.5,0.186,0.071,0.137,51.7,0.02,0.052,38.7,0.025,0.031,79.3,0.02,0.052,0.073,0.048,0.02,0.011,0.006,0.039,0.376,1,0,-0.006
338,339,Joe Harris,BKN,31,71,38,33,0.5,0.172,0.062,0.137,45.4,0.043,0.102,42.3,0.005,0.008,62.5,0.007,0.044,0.051,0.032,0.013,0.011,0.004,0.045,0.314,0,0,-0.011
339,340,Ochai Agbaji,UTA,22,55,28,27,0.5,0.171,0.06,0.136,43.8,0.032,0.086,37.4,0.02,0.025,79.3,0.018,0.031,0.048,0.023,0.014,0.006,0.006,0.039,0.284,0,0,-0.001
340,341,Skylar Mays,POR,25,2,1,1,0.5,0.216,0.088,0.136,64.7,0.032,0.064,50,0.008,0.008,100,0.008,0.032,0.04,0.12,0.032,0.008,0,0.04,0.436,0,0,-0.136
341,342,Kenrich Williams,OKC,28,53,26,27,0.5,0.167,0.07,0.136,51.7,0.02,0.053,37.3,0.007,0.015,43.6,0.038,0.064,0.102,0.041,0.013,0.018,0.005,0.044,0.408,1,0,0.029
342,343,Quentin Grimes,NYK,22,68,40,28,0.5,0.178,0.062,0.136,45.9,0.035,0.092,38.1,0.018,0.023,79.6,0.011,0.043,0.054,0.034,0.016,0.011,0.006,0.042,0.328,0,0,0.04
343,344,Darius Bazley,PHX,22,41,19,22,0.5,0.166,0.06,0.135,44.6,0.015,0.04,38.8,0.03,0.055,55.2,0.024,0.08,0.104,0.029,0.02,0.017,0.025,0.033,0.443,0,0,-0.045
344,345,Pat Connaughton,MIL,30,59,41,18,0.5,0.15,0.053,0.135,39.3,0.035,0.103,34,0.009,0.013,65.9,0.016,0.075,0.091,0.025,0.011,0.012,0.004,0.022,0.332,2,0,0.045
345,346,Kelly Olynyk,UTA,31,65,28,37,0.5,0.203,0.066,0.135,48.9,0.022,0.058,38.1,0.048,0.056,85.8,0.02,0.082,0.102,0.06,0.04,0.015,0.009,0.058,0.448,8,0,0.009
346,347,Saben Lee,PHX,23,22,14,8,0.5,0.179,0.057,0.135,42,0.011,0.031,35,0.055,0.072,76.6,0.017,0.04,0.057,0.084,0.035,0.023,0.002,0.041,0.411,0,0,-0.006
347,348,Theo Maledon,CHA,21,41,13,28,0.5,0.153,0.052,0.134,38.7,0.015,0.053,27.7,0.035,0.041,84.6,0.008,0.061,0.068,0.081,0.029,0.018,0.007,0.032,0.403,0,0,-0.1
348,349,Leandro Bolmaro,UTA,22,14,8,6,0.5,0.04,0.02,0.134,15,0,0.027,0,0,0,0,0.027,0.02,0.047,0.047,0.047,0.02,0.007,0.067,0.201,0,0,0.013
349,350,Garrison Mathews,ATL,26,52,15,37,0.5,0.169,0.048,0.134,36.2,0.042,0.12,35.1,0.031,0.034,89.6,0.007,0.042,0.049,0.018,0.014,0.017,0.003,0.043,0.301,0,0,-0.049
350,351,Miles McBride,NYK,22,61,35,26,0.5,0.14,0.048,0.134,35.9,0.026,0.085,30.2,0.018,0.027,67.5,0.009,0.024,0.033,0.047,0.016,0.024,0.005,0.037,0.322,0,0,0.065
351,352,Neemias Queta,SAC,23,4,1,3,0.4,0.2,0.1,0.133,75,0,0,0,0,0.033,0,0.067,0.083,0.15,0.017,0.017,0,0.017,0.117,0.438,0,0,-0.517
352,353,Grayson Allen,MIL,27,71,52,19,0.5,0.179,0.058,0.132,44,0.035,0.087,40.1,0.027,0.03,90.5,0.015,0.041,0.055,0.039,0.017,0.015,0.003,0.028,0.341,0,0,0.051
353,354,Terry Taylor,CHI,23,29,11,18,0.5,0.146,0.064,0.131,48.5,0.01,0.037,26.3,0.01,0.013,71.4,0.044,0.033,0.077,0.019,0.017,0.006,0.01,0.048,0.297,0,0,-0.021
354,355,Markieff Morris,DAL,33,33,17,16,0.5,0.155,0.054,0.131,41.3,0.033,0.08,41.1,0.014,0.014,100,0.018,0.07,0.088,0.04,0.026,0.013,0.007,0.06,0.355,1,0,0.036
355,356,Aaron Wiggins,OKC,24,67,35,32,0.5,0.171,0.066,0.131,50.9,0.018,0.044,40,0.02,0.025,81.5,0.025,0.052,0.077,0.029,0.021,0.014,0.006,0.04,0.345,1,0,-0.002
356,357,Vince Williams Jr.,MEM,22,12,6,6,0.5,0.087,0.035,0.13,26.7,0.017,0.096,18.2,0,0,0,0.017,0.043,0.061,0.026,0.009,0.035,0.009,0.052,0.321,0,0,-0.217
357,358,Corey Kispert,WAS,24,70,30,40,0.5,0.184,0.065,0.13,50,0.037,0.086,43,0.016,0.019,86.1,0.007,0.04,0.047,0.02,0.013,0.007,0.002,0.022,0.286,0,0,-0.026
358,359,James Johnson,IND,36,16,6,10,0.5,0.134,0.055,0.13,42.1,0.01,0.045,23.1,0.014,0.027,50,0.007,0.068,0.075,0.038,0.017,0.017,0.021,0.099,0.376,0,0,0.031
359,360,Donte DiVincenzo,GSW,26,68,39,29,0.5,0.16,0.055,0.13,42.1,0.036,0.092,39.2,0.014,0.017,83.3,0.018,0.058,0.076,0.059,0.027,0.023,0.003,0.033,0.388,3,0,0.008
360,361,Caleb Martin,MIA,27,67,35,32,0.5,0.163,0.06,0.13,46.7,0.021,0.057,36.4,0.022,0.027,79.8,0.021,0.06,0.081,0.026,0.019,0.016,0.008,0.035,0.353,2,0,-0.012
361,362,Paul Reed,PHI,23,64,41,23,0.5,0.179,0.077,0.129,59.2,0,0.003,0,0.026,0.035,75,0.071,0.095,0.166,0.017,0.029,0.028,0.032,0.083,0.557,4,0,-0.019
362,363,Ayo Dosunmu,CHI,23,76,38,38,0.5,0.157,0.064,0.129,49.5,0.014,0.043,32.2,0.015,0.019,81,0.01,0.039,0.05,0.047,0.023,0.014,0.006,0.043,0.324,0,0,-0.023
363,364,Justin Holiday,DAL,33,44,18,26,0.5,0.132,0.049,0.129,38,0.031,0.092,33.3,0.003,0.005,71.4,0.003,0.03,0.033,0.027,0.015,0.011,0.013,0.044,0.268,0,0,-0.088
364,365,Davion Mitchell,SAC,24,77,46,31,0.5,0.147,0.059,0.129,46.1,0.02,0.063,31.7,0.009,0.011,80.6,0.005,0.03,0.035,0.061,0.02,0.014,0.005,0.036,0.318,0,0,0.013
365,366,Danny Green,CLE,35,9,5,4,0.5,0.15,0.05,0.128,39.1,0.044,0.1,44.4,0.006,0.006,100,0.011,0.028,0.039,0.011,0.033,0.017,0.006,0.056,0.247,0,0,-0.133
366,367,Jamal Cain,MIA,24,15,8,7,0.5,0.168,0.066,0.128,52,0.005,0.031,16.7,0.031,0.041,75,0.031,0.069,0.099,0.023,0.01,0.02,0,0.038,0.373,0,0,-0.02
367,368,Micah Potter,UTA,24,5,3,2,0.4,0.222,0.095,0.127,75,0.032,0.048,66.7,0,0,0,0.016,0.032,0.048,0.048,0.016,0,0,0.048,0.335,0,0,0.063
368,368,Vernon Carey Jr.,WAS,22,11,8,3,0.5,0.095,0.032,0.127,25,0,0,0,0.032,0.032,100,0.048,0.127,0.175,0.048,0.032,0.032,0.032,0.079,0.535,0,0,-0.159
369,370,Nic Claxton,BKN,23,73,39,34,0.5,0.208,0.09,0.127,70.7,0,0,0,0.028,0.054,52.7,0.039,0.112,0.151,0.031,0.021,0.014,0.041,0.046,0.578,27,0,0.023
370,371,McKinley Wright IV,DAL,24,25,14,11,0.5,0.151,0.06,0.127,47.3,0.012,0.038,31.8,0.019,0.027,68.8,0.014,0.055,0.069,0.087,0.031,0.014,0.009,0.036,0.401,0,0,-0.139
371,372,Joshua Primo,SAS,20,4,3,1,0.5,0.137,0.044,0.127,34.6,0.015,0.059,25,0.034,0.044,77.8,0.01,0.054,0.063,0.088,0.054,0.005,0.01,0.039,0.335,0,0,-0.01
372,373,Lamar Stevens,CLE,25,58,36,22,0.5,0.146,0.058,0.127,45.5,0.013,0.041,31,0.018,0.025,69.8,0.021,0.071,0.092,0.015,0.012,0.011,0.009,0.036,0.327,1,0,0.005
373,374,Wendell Moore Jr.,MIN,21,27,14,13,0.4,0.12,0.051,0.127,40.5,0.006,0.051,11.8,0.012,0.015,80,0.009,0.042,0.051,0.054,0.024,0.024,0.015,0.039,0.357,0,0,-0.154
374,375,Kentavious Caldwell-Pope,DEN,30,73,50,23,0.5,0.164,0.058,0.126,46.2,0.027,0.063,42,0.021,0.025,82,0.007,0.035,0.042,0.037,0.016,0.022,0.007,0.029,0.34,0,0,0.109
375,376,Onyeka Okongwu,ATL,22,76,39,37,0.5,0.203,0.081,0.126,64.7,0.001,0.002,25,0.04,0.051,77.9,0.056,0.091,0.147,0.02,0.02,0.014,0.027,0.065,0.514,12,0,0.014
376,377,Cody Zeller,MIA,30,13,5,8,0.5,0.201,0.072,0.126,57.4,0,0.005,0,0.056,0.08,70,0.061,0.086,0.147,0.019,0.029,0.008,0.011,0.075,0.432,0,0,-0.072
377,378,Admiral Schofield,ORL,26,34,14,20,0.5,0.166,0.059,0.126,47.1,0.027,0.078,34.9,0.021,0.023,89.5,0.025,0.044,0.069,0.032,0.009,0.007,0.005,0.069,0.325,0,0,-0.039
378,379,Taj Gibson,WAS,37,49,21,28,0.5,0.168,0.065,0.125,52,0.008,0.024,33.3,0.03,0.042,71.4,0.032,0.061,0.093,0.034,0.026,0.015,0.012,0.084,0.386,0,0,-0.004
379,380,Zeke Nnaji,DEN,22,50,33,17,0.5,0.183,0.072,0.125,57.6,0.01,0.038,26.9,0.028,0.042,67.2,0.044,0.047,0.092,0.012,0.017,0.012,0.016,0.07,0.375,1,0,-0.077
380,381,Chris Silva,DAL,26,1,1,0,0.4,0.25,0.125,0.125,100,0,0,0,0,0,0,0,0,0,0,0.125,0,0,0.25,0.125,0,0,0.125
381,382,Goga Bitadze,ORL,23,34,13,21,0.5,0.171,0.069,0.125,55.1,0.008,0.029,26.1,0.025,0.048,52.6,0.057,0.071,0.129,0.045,0.022,0.018,0.028,0.074,0.508,1,0,0.066
382,383,Bruno Fernando,ATL,24,36,11,25,0.5,0.168,0.063,0.124,51,0,0.001,0,0.041,0.058,69.6,0.063,0.096,0.16,0.039,0.028,0.008,0.041,0.088,0.535,0,0,-0.093
383,384,Moses Moody,GSW,20,60,34,26,0.5,0.16,0.056,0.124,45.3,0.026,0.075,34.1,0.022,0.032,69.2,0.016,0.042,0.058,0.028,0.02,0.011,0.004,0.028,0.297,0,0,-0.022
384,385,Gary Harris,ORL,28,47,22,25,0.5,0.163,0.057,0.124,45.5,0.038,0.088,43.7,0.011,0.012,90,0.009,0.031,0.04,0.024,0.012,0.019,0.005,0.038,0.304,0,0,-0.03
385,386,Trendon Watford,POR,22,59,26,33,0.5,0.176,0.069,0.124,55.6,0.009,0.025,37.3,0.028,0.04,71.7,0.018,0.08,0.097,0.052,0.029,0.014,0.004,0.048,0.394,3,0,-0.069
386,387,Vlatko Cancar,DEN,25,55,36,19,0.5,0.164,0.061,0.124,48.8,0.024,0.062,39.3,0.019,0.02,94.1,0.013,0.057,0.07,0.043,0.02,0.01,0.007,0.047,0.345,1,0,-0.024
387,388,Meyers Leonard,MIL,31,6,5,1,0.4,0.212,0.071,0.124,57.1,0.044,0.088,50,0.027,0.035,75,0.018,0.097,0.115,0,0.018,0.009,0,0.062,0.359,0,0,-0.035
388,389,Charles Bassey,SAS,22,35,9,26,0.5,0.183,0.08,0.124,64.4,0.003,0.007,37.5,0.02,0.034,59.5,0.069,0.108,0.177,0.043,0.038,0.015,0.03,0.068,0.557,0,0,-0.029
389,390,Keon Ellis,SAC,23,13,6,7,0.5,0.21,0.067,0.124,53.8,0.057,0.095,60,0.019,0.029,66.7,0.038,0.038,0.076,0.038,0.01,0.029,0.01,0.086,0.463,0,0,-0.133
390,391,Justise Winslow,POR,27,29,15,14,0.5,0.123,0.051,0.124,40.9,0.009,0.028,31.1,0.013,0.018,71.4,0.031,0.06,0.091,0.061,0.027,0.019,0.007,0.056,0.373,1,0,-0.024
391,392,Cody Martin,CHA,27,7,2,5,0.5,0.12,0.048,0.124,38.9,0.01,0.048,21.4,0.014,0.024,57.1,0.027,0.055,0.082,0.038,0.007,0.014,0.003,0.045,0.321,0,0,-0.089
392,393,Nathan Knight,MIN,25,36,17,19,0.5,0.212,0.07,0.124,56.4,0.013,0.035,36.4,0.06,0.087,69.1,0.033,0.052,0.086,0.021,0.03,0.014,0.01,0.059,0.387,0,0,-0.003
393,394,Garrett Temple,NOP,36,24,16,8,0.4,0.14,0.051,0.124,40.9,0.031,0.07,44,0.008,0.011,75,0.011,0.034,0.045,0.037,0.011,0.025,0.006,0.042,0.331,0,0,-0.056
394,395,Daishen Nix,HOU,21,55,13,42,0.5,0.119,0.043,0.123,34.5,0.021,0.073,29.2,0.013,0.019,66.7,0.01,0.042,0.052,0.07,0.045,0.016,0.004,0.031,0.3,0,0,-0.075
395,396,Herbert Jones,NOP,24,62,29,33,0.5,0.157,0.057,0.123,46,0.013,0.042,31.6,0.03,0.04,75.3,0.025,0.043,0.067,0.04,0.021,0.026,0.009,0.053,0.383,0,0,0.032
396,397,Dorian Finney-Smith,BKN,29,64,30,34,0.5,0.135,0.048,0.123,38.9,0.028,0.084,33.1,0.011,0.015,76.3,0.028,0.049,0.077,0.025,0.015,0.014,0.009,0.035,0.317,1,0,-0.004
397,398,Rudy Gobert,MIN,30,67,31,36,0.5,0.212,0.081,0.123,65.8,0,0.001,0,0.05,0.077,64.8,0.052,0.13,0.182,0.019,0.028,0.013,0.021,0.047,0.531,33,0,0.001
398,399,Anthony Lamb,GSW,25,58,33,25,0.5,0.162,0.057,0.123,46.7,0.03,0.08,37.2,0.017,0.023,75,0.021,0.061,0.082,0.038,0.021,0.011,0.007,0.052,0.351,0,0,0.015
399,400,Austin Reaves,LAL,24,60,32,28,0.5,0.204,0.063,0.122,52,0.02,0.053,38.5,0.057,0.066,86.1,0.009,0.041,0.05,0.053,0.025,0.009,0.005,0.027,0.36,1,0,0.043
400,401,Nick Richards,CHA,25,62,20,42,0.5,0.203,0.076,0.122,62.4,0,0,100,0.051,0.068,74.3,0.058,0.101,0.16,0.014,0.023,0.004,0.027,0.061,0.487,13,0,-0.05
401,402,Torrey Craig,PHX,32,75,42,33,0.5,0.14,0.054,0.122,44,0.025,0.063,39.3,0.008,0.011,72.7,0.036,0.069,0.105,0.029,0.018,0.012,0.015,0.045,0.373,3,0,-0.053
402,403,Josh Green,DAL,22,59,26,33,0.5,0.172,0.065,0.121,53.3,0.021,0.053,39.8,0.022,0.03,72.3,0.017,0.038,0.056,0.033,0.022,0.014,0.001,0.05,0.31,1,0,0.025
403,404,Stanley Johnson,SAS,26,30,5,25,0.5,0.173,0.065,0.121,53.3,0.018,0.04,45,0.026,0.039,66.7,0.022,0.072,0.094,0.067,0.033,0.016,0.006,0.048,0.419,0,0,-0.091
404,405,Justin Jackson,BOS,28,23,15,8,0.5,0.09,0.031,0.121,25.9,0.022,0.09,25,0.004,0.009,50,0.009,0.067,0.076,0.04,0.009,0.018,0.018,0.031,0.34,0,0,-0.318
405,406,Aaron Holiday,ATL,26,59,30,29,0.5,0.137,0.051,0.121,42.4,0.019,0.048,40.7,0.015,0.018,83.3,0.014,0.028,0.042,0.047,0.019,0.019,0.006,0.044,0.314,0,0,0.007
406,407,Thaddeus Young,TOR,34,54,23,31,0.5,0.146,0.066,0.121,54.5,0.004,0.021,17.6,0.011,0.016,69.2,0.043,0.058,0.101,0.046,0.026,0.033,0.003,0.054,0.418,0,0,-0.056
407,408,Derrick Jones Jr.,CHI,26,60,27,33,0.5,0.17,0.061,0.12,50.7,0.013,0.039,33.3,0.035,0.046,75.6,0.032,0.048,0.08,0.019,0.014,0.015,0.019,0.045,0.383,0,0,0.064
408,409,Frank Kaminsky,HOU,29,35,12,23,0.5,0.176,0.06,0.12,50,0.026,0.065,40,0.03,0.034,87.5,0.011,0.088,0.099,0.062,0.019,0.013,0.006,0.047,0.427,0,0,-0.017
409,410,Facundo Campazzo,DAL,32,8,2,6,0.5,0.093,0.028,0.12,23.1,0.028,0.102,27.3,0.009,0.019,50,0,0.019,0.019,0.083,0.028,0.056,0,0.028,0.379,0,0,0.102
410,411,Jaxson Hayes,NOP,22,46,22,24,0.5,0.18,0.067,0.12,55.5,0.002,0.022,10.3,0.045,0.064,69.9,0.03,0.071,0.101,0.026,0.024,0.015,0.015,0.052,0.408,0,0,-0.056
411,412,Xavier Tillman,MEM,24,59,38,21,0.5,0.171,0.075,0.12,62.4,0.002,0.006,26.7,0.02,0.036,55.1,0.048,0.073,0.12,0.038,0.017,0.023,0.011,0.039,0.457,4,0,-0.004
412,413,Jaylin Williams,OKC,20,47,22,25,0.5,0.147,0.052,0.12,43.7,0.023,0.057,40,0.02,0.028,71.2,0.021,0.103,0.124,0.038,0.019,0.014,0.006,0.058,0.396,0,0,-0.046
413,414,Kyle Anderson,MIN,29,66,33,33,0.5,0.158,0.061,0.12,51.1,0.011,0.025,42,0.025,0.035,73.5,0.016,0.074,0.09,0.08,0.025,0.019,0.015,0.036,0.465,10,3,0.02
414,415,Wenyen Gabriel,LAL,26,64,34,30,0.5,0.172,0.071,0.12,59.6,0.005,0.016,29.4,0.025,0.04,61.9,0.055,0.075,0.129,0.016,0.021,0.011,0.016,0.066,0.413,0,0,-0.006
415,416,Royce O'Neale,BKN,29,73,40,33,0.5,0.136,0.046,0.119,38.8,0.033,0.083,39.3,0.01,0.014,73.1,0.011,0.066,0.077,0.057,0.023,0.013,0.01,0.049,0.358,4,1,0.01
416,417,Kessler Edwards,SAC,22,32,16,16,0.5,0.133,0.048,0.119,40.5,0.023,0.071,32,0.014,0.018,76.9,0.027,0.045,0.072,0.027,0.017,0.016,0.008,0.048,0.315,0,0,0.021
417,417,Udonis Haslem,MIA,42,6,3,3,0.5,0.03,0.01,0.119,8.3,0,0.02,0,0.01,0.02,50,0.04,0.04,0.079,0,0,0.01,0.01,0.079,0.184,0,0,-0.257
418,419,Carlik Jones,CHI,25,4,2,2,0.5,0.051,0.017,0.119,14.3,0,0.017,0,0.017,0.068,25,0.017,0.034,0.051,0.034,0.017,0,0,0.034,0.146,0,0,0.085
419,420,Al Horford,BOS,36,61,43,18,0.5,0.153,0.057,0.119,47.9,0.036,0.08,45.1,0.004,0.005,71.4,0.018,0.079,0.097,0.047,0.009,0.008,0.015,0.03,0.399,7,0,0.078
420,421,Ish Wainright,PHX,28,56,31,25,0.5,0.136,0.045,0.118,38.4,0.031,0.089,34.6,0.014,0.016,86.2,0.025,0.047,0.072,0.029,0.012,0.021,0.011,0.062,0.351,0,0,0.056
421,422,Troy Brown Jr.,LAL,23,72,37,35,0.5,0.137,0.051,0.118,43.1,0.027,0.072,37.4,0.009,0.01,89.2,0.016,0.061,0.077,0.023,0.013,0.015,0.004,0.031,0.309,2,0,-0.004
422,423,Yuta Watanabe,BKN,28,55,28,27,0.5,0.164,0.058,0.118,49.5,0.03,0.067,44.8,0.018,0.024,73.3,0.015,0.056,0.071,0.025,0.011,0.013,0.008,0.041,0.34,0,0,0.005
423,424,Joe Wieskamp,TOR,23,6,4,2,0.5,0.13,0.043,0.116,37.5,0.043,0.101,42.9,0,0,0,0,0.043,0.043,0.014,0.014,0,0,0.029,0.19,0,0,-0.072
424,425,Walker Kessler,UTA,21,74,34,40,0.5,0.189,0.083,0.115,72,0,0.001,33.3,0.023,0.044,51.6,0.064,0.109,0.173,0.019,0.016,0.007,0.048,0.047,0.576,20,0,0.02
425,426,Davon Reed,LAL,27,42,28,14,0.5,0.122,0.038,0.115,33.3,0.023,0.063,37,0.022,0.033,66.7,0.014,0.067,0.081,0.032,0.027,0.021,0.005,0.053,0.317,0,0,-0.133
426,427,Jarred Vanderbilt,LAL,24,74,40,34,0.5,0.157,0.063,0.115,54.7,0.007,0.022,32.1,0.024,0.035,69.2,0.044,0.107,0.15,0.048,0.025,0.021,0.005,0.048,0.465,10,0,-0.031
427,428,Isaiah Livers,DET,24,51,10,41,0.5,0.136,0.048,0.115,41.6,0.029,0.081,35.5,0.012,0.015,80.6,0.011,0.046,0.057,0.016,0.012,0.011,0.011,0.041,0.287,1,0,-0.086
428,429,Ivica Zubac,LAC,26,73,40,33,0.5,0.182,0.072,0.115,63.2,0,0,0,0.037,0.054,69.1,0.054,0.116,0.17,0.018,0.027,0.006,0.022,0.05,0.471,25,0,-0.01
429,430,Daniel Gafford,WAS,24,75,31,44,0.5,0.202,0.083,0.114,72.6,0,0,0,0.035,0.054,65.7,0.048,0.08,0.128,0.024,0.025,0.01,0.03,0.056,0.487,9,0,-0.026
430,431,Delon Wright,WAS,30,49,25,24,0.5,0.144,0.054,0.114,47.2,0.017,0.047,35,0.02,0.023,86,0.023,0.046,0.07,0.077,0.018,0.037,0.007,0.024,0.457,0,0,0.021
431,432,Robin Lopez,CLE,35,35,24,11,0.5,0.176,0.075,0.114,65.6,0.004,0.006,66.7,0.022,0.03,75,0.039,0.047,0.086,0.026,0.041,0.002,0.011,0.067,0.317,0,0,-0.086
432,433,Omer Yurtseven,MIA,24,6,3,3,0.5,0.152,0.063,0.114,55.6,0,0.013,0,0.025,0.038,66.7,0.051,0.063,0.114,0,0.013,0.013,0.013,0.076,0.352,0,0,-0.203
433,434,Jalen Duren,DET,19,63,15,48,0.5,0.173,0.073,0.114,63.9,0,0.001,0,0.028,0.046,60,0.067,0.101,0.169,0.022,0.024,0.013,0.017,0.052,0.474,17,0,-0.079
434,435,Blake Griffin,BOS,34,37,24,13,0.5,0.148,0.055,0.114,48.4,0.019,0.056,34.4,0.019,0.029,65.6,0.038,0.09,0.128,0.048,0.018,0.012,0.005,0.063,0.408,0,0,0.078
435,436,JT Thor,CHA,20,66,21,45,0.5,0.125,0.047,0.114,41,0.018,0.057,30.8,0.014,0.022,65.9,0.019,0.052,0.072,0.017,0.021,0.012,0.011,0.034,0.283,0,0,-0.08
436,437,Jeff Dowtin Jr.,TOR,25,24,16,8,0.5,0.121,0.05,0.113,44.6,0.01,0.032,31.3,0.01,0.014,71.4,0.012,0.034,0.046,0.06,0.01,0.016,0.004,0.026,0.317,0,0,-0.014
437,438,Moussa Diabate,LAC,21,21,9,12,0.5,0.139,0.056,0.112,50,0.002,0.005,50,0.024,0.039,62.5,0.076,0.044,0.12,0.01,0.022,0.017,0.02,0.037,0.386,0,0,-0.049
438,439,Theo Pinson,DAL,27,38,19,19,0.5,0.118,0.037,0.112,32.8,0.028,0.081,34.1,0.017,0.02,81.8,0.015,0.064,0.079,0.057,0.018,0.007,0.002,0.05,0.308,0,0,-0.079
439,440,Bismack Biyombo,PHX,30,58,31,27,0.5,0.142,0.064,0.112,57.5,0,0,0,0.013,0.039,33.8,0.05,0.096,0.146,0.031,0.029,0.01,0.047,0.065,0.507,3,0,0.017
440,441,Grant Williams,BOS,24,75,52,23,0.5,0.153,0.051,0.112,45.9,0.028,0.069,40.2,0.022,0.028,78.4,0.02,0.066,0.086,0.031,0.019,0.01,0.007,0.046,0.335,3,0,0.049
441,442,Vit Krejci,ATL,22,26,13,13,0.5,0.115,0.047,0.111,42.4,0.017,0.064,26.3,0.003,0.007,50,0.01,0.051,0.061,0.047,0.014,0.01,0.003,0.051,0.286,0,0,0.02
442,443,Bryce McGowens,CHA,20,43,15,28,0.5,0.128,0.041,0.111,37.2,0.015,0.045,33.3,0.03,0.041,73.3,0.012,0.041,0.053,0.031,0.023,0.008,0.004,0.029,0.251,0,0,-0.1
443,444,Mason Plumlee,LAC,33,76,25,51,0.5,0.196,0.075,0.111,67.6,0,0,0,0.046,0.073,63.3,0.053,0.109,0.162,0.057,0.027,0.011,0.011,0.049,0.513,23,0,-0.066
444,445,Chima Moneke,SAC,27,2,1,1,0.4,0.111,0.056,0.111,50,0,0,0,0,0.111,0,0.111,0,0.111,0.056,0.111,0,0,0.111,0.217,0,0,-0.5
445,446,Christian Braun,DEN,21,71,47,24,0.5,0.141,0.056,0.111,50.2,0.014,0.038,38.6,0.015,0.025,60,0.019,0.054,0.072,0.024,0.013,0.014,0.007,0.042,0.316,0,0,-0.05
446,447,Amir Coffey,LAC,25,49,25,24,0.5,0.131,0.043,0.11,38.6,0.008,0.03,27.5,0.037,0.048,77.8,0.013,0.027,0.04,0.04,0.016,0.005,0.004,0.038,0.251,0,0,-0.085
447,448,Joe Ingles,MIL,35,42,29,13,0.5,0.138,0.047,0.11,42.8,0.036,0.089,40,0.009,0.01,85.7,0.006,0.052,0.059,0.064,0.023,0.013,0.002,0.035,0.33,1,0,0.037
448,449,Richaun Holmes,SAC,29,39,21,18,0.5,0.172,0.072,0.11,65.8,0.006,0.009,66.7,0.022,0.027,78.9,0.038,0.069,0.107,0.009,0.02,0.004,0.016,0.069,0.354,1,0,-0.079
449,450,Steven Adams,MEM,29,42,28,14,0.5,0.151,0.066,0.11,59.7,0,0,0,0.02,0.054,36.4,0.089,0.113,0.202,0.04,0.033,0.015,0.019,0.041,0.524,15,0,0.101
450,451,Danuel House Jr.,PHI,29,51,35,16,0.5,0.15,0.052,0.109,47.9,0.023,0.065,35.1,0.022,0.032,70.2,0.006,0.05,0.056,0.025,0.015,0.009,0.006,0.041,0.283,0,0,-0.009
451,452,Haywood Highsmith,MIA,26,51,26,25,0.5,0.12,0.047,0.109,42.9,0.02,0.057,35,0.007,0.014,46.2,0.028,0.066,0.094,0.019,0.02,0.019,0.008,0.041,0.323,2,0,-0.057
452,453,Larry Nance Jr.,NOP,30,61,32,29,0.5,0.155,0.065,0.108,60.4,0.005,0.016,33.3,0.019,0.028,69.3,0.038,0.087,0.125,0.041,0.014,0.02,0.013,0.046,0.451,3,0,0.081
453,454,Jake LaRavia,MEM,21,35,22,13,0.5,0.119,0.042,0.108,38.9,0.027,0.081,33.8,0.008,0.01,77.8,0.022,0.05,0.072,0.024,0.02,0.014,0.005,0.056,0.275,0,0,-0.089
454,455,Orlando Robinson,MIA,22,29,17,12,0.5,0.141,0.058,0.108,53.5,0,0.006,0,0.026,0.036,72.4,0.055,0.093,0.148,0.026,0.019,0.015,0.015,0.065,0.429,0,0,0.001
455,456,Javonte Green,CHI,29,31,12,19,0.5,0.166,0.062,0.107,57.5,0.013,0.034,38.2,0.029,0.043,67.4,0.027,0.059,0.086,0.023,0.02,0.023,0.021,0.053,0.417,0,0,0.056
456,457,Chuma Okeke,ORL,24,24,8,16,0.5,0.119,0.039,0.107,36.5,0.023,0.075,31.3,0.018,0.023,76.2,0.025,0.066,0.09,0.029,0.012,0.013,0.01,0.039,0.329,0,0,-0.088
457,458,Matthew Dellavedova,SAC,32,32,19,13,0.5,0.1,0.036,0.107,34,0.019,0.058,33.3,0.009,0.015,57.1,0.002,0.026,0.028,0.087,0.021,0.015,0,0.043,0.288,0,0,-0.109
458,459,Nicolas Batum,LAC,34,75,41,34,0.5,0.135,0.045,0.107,42.5,0.035,0.088,39.6,0.009,0.013,69.6,0.017,0.066,0.084,0.034,0.015,0.015,0.012,0.042,0.351,0,0,0.043
459,460,Isaac Okoro,CLE,22,76,48,28,0.5,0.146,0.052,0.105,49.4,0.018,0.051,36.3,0.023,0.031,75.7,0.015,0.04,0.056,0.026,0.013,0.017,0.009,0.047,0.316,0,0,0.038
460,461,Raul Neto,CLE,30,46,30,16,0.5,0.148,0.054,0.103,52.6,0.013,0.041,31.6,0.026,0.029,88.9,0.009,0.038,0.047,0.071,0.017,0.017,0.003,0.045,0.355,0,0,0.022
461,462,Frank Ntilikina,DAL,24,45,20,25,0.5,0.105,0.037,0.103,36,0.014,0.054,25,0.017,0.024,70.4,0.005,0.046,0.052,0.047,0.023,0.011,0.005,0.053,0.261,0,0,0.052
462,463,Kevon Harris,ORL,25,31,12,19,0.5,0.126,0.042,0.103,41,0.014,0.037,36.7,0.027,0.034,81.5,0.031,0.042,0.073,0.016,0.02,0.02,0.005,0.055,0.293,0,0,0.017
463,464,Josh Hart,NYK,28,73,41,32,0.5,0.148,0.055,0.102,53.6,0.012,0.032,38,0.026,0.034,74.9,0.028,0.088,0.116,0.057,0.023,0.017,0.004,0.039,0.413,9,0,0.063
464,465,Caleb Houstan,ORL,20,48,20,28,0.5,0.106,0.037,0.102,36.1,0.025,0.076,33,0.007,0.009,84.6,0.02,0.042,0.063,0.017,0.011,0.005,0.004,0.04,0.224,0,0,-0.029
465,466,Ben Simmons,BKN,26,42,24,18,0.5,0.127,0.058,0.102,56.6,0,0.001,0,0.011,0.025,43.9,0.017,0.097,0.114,0.111,0.042,0.023,0.01,0.06,0.49,4,1,0.017
466,467,Jamaree Bouyea,WAS,23,5,2,3,0.5,0.109,0.043,0.101,42.9,0.014,0.043,33.3,0.007,0.014,50,0.007,0.036,0.043,0.029,0.029,0.029,0.014,0.043,0.306,0,0,-0.123
467,468,Kai Jones,CHA,22,43,12,31,0.5,0.137,0.058,0.101,57.5,0.003,0.013,21.4,0.017,0.024,72,0.034,0.077,0.112,0.011,0.027,0.013,0.025,0.057,0.376,1,0,-0.024
468,469,Robert Williams III,BOS,25,33,22,11,0.5,0.166,0.075,0.101,74.5,0,0.001,0,0.015,0.024,63.2,0.062,0.11,0.173,0.029,0.019,0.012,0.028,0.04,0.516,6,0,0.095
469,470,John Konchar,MEM,27,68,43,25,0.5,0.114,0.042,0.1,42.3,0.02,0.057,34.7,0.009,0.012,80,0.018,0.076,0.095,0.03,0.012,0.023,0.007,0.035,0.351,2,0,0.072
470,471,Cole Swider,LAL,23,6,1,5,0.5,0.1,0.033,0.1,33.3,0.033,0.089,37.5,0,0,0,0.011,0.067,0.078,0.044,0,0,0,0.033,0.26,0,0,0.033
471,471,Xavier Sneed,CHA,25,2,0,2,0.5,0.26,0.08,0.1,80,0.06,0.08,75,0.04,0.04,100,0,0.06,0.06,0.06,0.06,0,0,0.04,0.362,0,0,-0.04
472,473,Jordan McLaughlin,MIN,26,41,20,21,0.5,0.106,0.041,0.1,41.5,0.015,0.053,28.9,0.008,0.01,78.6,0.011,0.03,0.041,0.094,0.023,0.022,0.002,0.018,0.345,0,0,0.051
473,474,Matisse Thybulle,POR,26,71,38,33,0.5,0.115,0.043,0.1,43.5,0.021,0.058,36.5,0.007,0.011,67.9,0.016,0.039,0.055,0.021,0.009,0.033,0.013,0.044,0.339,0,0,-0.006
474,475,Trent Forrest,ATL,24,20,7,13,0.5,0.097,0.047,0.099,47.1,0,0.004,0,0.004,0.006,66.7,0.01,0.05,0.06,0.06,0.021,0.012,0.004,0.031,0.284,0,0,-0.103
475,476,Otto Porter Jr.,TOR,29,8,4,4,0.5,0.145,0.049,0.099,50,0.02,0.056,35.3,0.026,0.026,100,0.02,0.043,0.063,0.026,0.013,0.036,0,0.023,0.355,0,0,-0.069
476,477,Reggie Bullock,DAL,32,76,36,40,0.5,0.118,0.04,0.099,40.9,0.032,0.083,37.9,0.006,0.008,70.3,0.007,0.053,0.06,0.022,0.008,0.012,0.003,0.035,0.257,1,0,-0.014
477,478,Alex Len,SAC,29,22,14,8,0.4,0.13,0.053,0.098,54.2,0,0.008,0,0.024,0.041,60,0.041,0.106,0.146,0.033,0.049,0.012,0.024,0.081,0.415,0,0,0.077
478,479,Anthony Gill,WAS,30,55,20,35,0.5,0.15,0.054,0.097,55.9,0.003,0.02,13,0.039,0.049,78.6,0.029,0.047,0.076,0.025,0.011,0.005,0.011,0.054,0.315,0,0,-0.004
479,480,Dean Wade,CLE,26,40,27,13,0.5,0.114,0.04,0.097,41,0.024,0.07,34.8,0.009,0.014,65.2,0.01,0.073,0.083,0.02,0.009,0.015,0.012,0.05,0.315,0,0,0.059
480,481,Ryan Arcidiacono,POR,29,20,9,11,0.5,0.068,0.024,0.097,24.3,0.021,0.061,34.8,0,0,0,0,0.039,0.039,0.061,0.018,0.013,0,0.045,0.228,0,0,-0.105
481,482,Drew Eubanks,POR,26,76,31,45,0.5,0.153,0.063,0.097,64.8,0.001,0.004,33.3,0.025,0.038,66.4,0.04,0.086,0.126,0.031,0.021,0.013,0.029,0.051,0.455,3,0,-0.038
482,483,Luke Kornet,BOS,27,65,42,23,0.5,0.156,0.067,0.097,69.3,0.002,0.007,27.3,0.019,0.024,81.1,0.052,0.064,0.116,0.029,0.015,0.006,0.029,0.048,0.427,0,0,0.048
483,484,Khem Birch,SAS,30,20,9,11,0.5,0.131,0.058,0.097,59.4,0.003,0.006,50,0.012,0.015,80,0.024,0.052,0.076,0.021,0.024,0.015,0.015,0.073,0.321,0,0,0.018
484,485,Austin Rivers,MIN,30,52,25,27,0.5,0.118,0.042,0.097,43.5,0.02,0.057,35,0.014,0.018,76.9,0.002,0.036,0.039,0.035,0.011,0.013,0.002,0.037,0.251,0,0,-0.066
485,486,Jae Crowder,MIL,32,13,10,3,0.5,0.134,0.045,0.096,46.9,0.026,0.067,38.2,0.018,0.022,81.8,0.024,0.075,0.098,0.035,0.01,0.01,0.008,0.037,0.348,0,0,0.029
486,487,Max Christie,LAL,20,39,17,22,0.5,0.116,0.04,0.096,41.5,0.024,0.056,41.9,0.013,0.015,87.5,0.006,0.062,0.068,0.019,0.012,0.008,0.006,0.03,0.258,0,0,-0.068
487,488,Isaiah Hartenstein,NYK,24,79,46,33,0.5,0.119,0.051,0.096,53.4,0.002,0.011,21.6,0.015,0.022,67.6,0.063,0.097,0.16,0.028,0.02,0.016,0.019,0.062,0.439,2,0,0.062
488,489,Jared Rhoden,DET,23,10,1,9,0.5,0.118,0.041,0.095,42.9,0.009,0.045,20,0.027,0.027,100,0.036,0.059,0.095,0.014,0.009,0.009,0,0.055,0.271,0,0,0.068
489,490,Alize Johnson,SAS,26,4,1,3,0.5,0.111,0.048,0.095,50,0,0.032,0,0.016,0.032,50,0.032,0.127,0.159,0.016,0.063,0.016,0,0.048,0.31,0,0,0.19
490,491,Patrick Beverley,CHI,34,64,33,31,0.5,0.109,0.038,0.095,39.7,0.021,0.063,33.2,0.013,0.018,72.3,0.012,0.054,0.066,0.051,0.016,0.015,0.011,0.05,0.326,2,0,-0.014
491,492,Draymond Green,GSW,33,69,38,31,0.5,0.124,0.05,0.095,52.9,0.008,0.026,30.9,0.016,0.022,70.9,0.013,0.094,0.106,0.102,0.04,0.014,0.012,0.046,0.442,11,0,0.061
492,493,Dominick Barlow,SAS,19,24,3,21,0.5,0.117,0.05,0.095,52.4,0,0.006,0,0.018,0.026,70.6,0.05,0.057,0.107,0.026,0.02,0.011,0.023,0.069,0.363,1,0,-0.195
493,494,Udoka Azubuike,UTA,23,32,16,16,0.5,0.161,0.076,0.094,81.1,0,0,0,0.009,0.028,31.3,0.044,0.115,0.16,0.016,0.028,0.011,0.021,0.044,0.444,0,0,-0.098
494,495,DeAndre Jordan,DEN,34,36,22,14,0.5,0.16,0.071,0.094,75.5,0.001,0.001,100,0.017,0.04,43.2,0.039,0.126,0.165,0.028,0.039,0.01,0.021,0.062,0.455,1,0,-0.103
495,496,Kevon Looney,GSW,27,78,41,37,0.5,0.141,0.059,0.093,63.6,0,0,0,0.023,0.038,59.6,0.065,0.116,0.18,0.049,0.011,0.012,0.012,0.055,0.494,14,0,0.024
496,497,Dyson Daniels,NOP,20,56,31,25,0.5,0.099,0.038,0.093,41.3,0.012,0.038,31.3,0.011,0.017,62.2,0.016,0.066,0.082,0.059,0.025,0.019,0.005,0.045,0.335,0,0,0.004
497,498,Olivier Sarr,OKC,24,6,3,3,0.5,0.099,0.035,0.092,38.5,0.007,0.043,16.7,0.021,0.021,100,0.057,0.043,0.099,0.021,0.021,0,0.035,0.078,0.335,0,0,0
498,499,Dwight Powell,DAL,31,74,36,38,0.5,0.173,0.067,0.092,73.1,0,0.002,0,0.038,0.058,66.7,0.049,0.056,0.105,0.023,0.022,0.016,0.009,0.07,0.388,1,0,0.054
499,500,Christian Koloko,TOR,22,54,27,27,0.5,0.109,0.043,0.092,46.9,0.001,0.007,9.1,0.023,0.035,65.5,0.051,0.051,0.103,0.016,0.011,0.012,0.035,0.079,0.388,0,0,0.09
500,501,John Butler Jr.,POR,20,15,4,11,0.5,0.052,0.02,0.091,21.7,0.008,0.063,12.5,0.004,0.004,100,0.008,0.024,0.032,0.016,0,0.016,0.02,0.052,0.221,0,0,-0.036
501,502,George Hill,IND,36,44,26,18,0.5,0.122,0.041,0.091,45.5,0.017,0.051,32.2,0.022,0.03,76,0.008,0.04,0.048,0.06,0.019,0.015,0.004,0.03,0.306,0,0,0.017
502,503,Devon Dotson,WAS,23,6,1,5,0.5,0.027,0.009,0.091,10,0.009,0.036,25,0,0,0,0.055,0.036,0.091,0.073,0.027,0.045,0,0.082,0.355,0,0,-0.027
503,503,Kobi Simmons,CHA,25,2,0,2,0.5,0,0,0.091,0,0,0.091,0,0,0,0,0,0,0,0.091,0,0,0.091,0,0.409,0,0,-0.091
504,503,Marko Simonovic,CHI,23,4,2,2,0.4,0,0,0.091,0,0,0.045,0,0,0,0,0.045,0,0.045,0,0,0,0,0.091,0.055,0,0,-0.136
505,506,Wesley Matthews,MIL,36,47,34,13,0.5,0.099,0.032,0.09,35.7,0.022,0.07,31.3,0.013,0.015,87.5,0.02,0.043,0.063,0.019,0.011,0.012,0.008,0.042,0.251,0,0,0.035
506,507,Thanasis Antetokounmpo,MIL,30,33,23,10,0.5,0.083,0.033,0.09,37,0,0.017,0,0.017,0.04,41.7,0.033,0.07,0.103,0.027,0.037,0.01,0.01,0.056,0.27,0,0,-0.246
507,508,Juancho Hernangomez,TOR,27,42,20,22,0.5,0.096,0.038,0.09,42.1,0.013,0.053,25.4,0.007,0.013,56.3,0.021,0.076,0.097,0.02,0.012,0.013,0.005,0.034,0.282,1,0,0.01
508,509,Maxi Kleber,DAL,31,36,17,19,0.5,0.115,0.04,0.088,45.8,0.021,0.058,35.5,0.014,0.02,70.3,0.016,0.055,0.07,0.026,0.014,0.006,0.016,0.044,0.291,0,0,-0.021
509,510,Alex Caruso,CHI,29,64,31,33,0.5,0.115,0.04,0.088,45.5,0.017,0.046,36.7,0.019,0.023,80.8,0.013,0.047,0.06,0.06,0.023,0.031,0.013,0.048,0.386,1,0,0.064
510,511,Juan Toscano-Anderson,UTA,29,48,18,30,0.5,0.102,0.043,0.087,49.6,0.005,0.024,21.9,0.011,0.014,78.9,0.017,0.065,0.082,0.038,0.023,0.011,0.007,0.053,0.288,0,0,-0.106
511,512,Nerlens Noel,BKN,28,17,4,13,0.5,0.082,0.031,0.085,36.1,0.002,0.005,50,0.019,0.028,66.7,0.023,0.085,0.108,0.023,0.031,0.038,0.023,0.075,0.4,0,0,-0.176
512,513,Mitchell Robinson,NYK,25,57,34,23,0.5,0.134,0.058,0.084,69.3,0,0,0,0.018,0.036,50.5,0.08,0.089,0.169,0.016,0.012,0.017,0.031,0.05,0.495,12,0,0.046
513,514,Usman Garuba,HOU,21,72,18,54,0.5,0.11,0.042,0.084,50.3,0.012,0.027,45.3,0.014,0.023,60.9,0.057,0.09,0.147,0.032,0.023,0.022,0.014,0.064,0.419,0,0,-0.126
514,515,Gary Payton II,GSW,30,18,10,8,0.5,0.126,0.049,0.082,60,0.018,0.034,52.4,0.01,0.011,85.7,0.026,0.055,0.082,0.039,0.021,0.029,0.005,0.052,0.364,0,0,0.023
515,516,Damian Jones,UTA,27,37,11,26,0.5,0.128,0.048,0.082,59.4,0.008,0.015,53.8,0.022,0.03,76,0.043,0.078,0.121,0.014,0.024,0.008,0.024,0.052,0.366,1,0,-0.097
516,517,Mfiondu Kabengele,BOS,25,2,1,1,0.6,0.08,0.04,0.08,50,0,0.04,0,0,0,0,0.12,0.08,0.2,0,0.04,0,0,0.12,0.28,0,0,-0.08
517,518,Shaquille Harrison,POR,29,2,1,1,0.5,0.09,0.034,0.079,42.9,0.022,0.034,66.7,0,0.011,0,0,0.101,0.101,0.112,0.022,0.034,0,0.067,0.458,0,0,-0.079
518,519,Kendall Brown,IND,19,6,1,5,0.4,0.093,0.041,0.072,57.1,0,0.01,0,0.01,0.021,50,0.021,0.041,0.062,0.031,0.021,0.041,0,0.093,0.316,0,0,0.041
519,520,KZ Okpala,SAC,23,35,19,16,0.5,0.085,0.029,0.07,42.1,0.013,0.039,33.3,0.013,0.015,87.5,0.013,0.05,0.063,0.024,0.013,0.013,0.013,0.072,0.26,0,0,-0.02
520,521,Sterling Brown,LAL,28,4,2,2,0.4,0,0,0.068,0,0,0.034,0,0,0,0,0.051,0.085,0.136,0.034,0,0.051,0,0.068,0.366,0,0,-0.068
521,522,Noah Vonleh,BOS,27,23,17,6,0.5,0.07,0.031,0.067,45.8,0.003,0.011,25,0.006,0.006,100,0.05,0.084,0.134,0.02,0.031,0.006,0.022,0.098,0.314,0,0,-0.036
522,523,Jericho Sims,NYK,24,50,30,20,0.5,0.109,0.051,0.066,76.9,0,0.001,0,0.008,0.01,75,0.059,0.088,0.147,0.015,0.016,0.009,0.018,0.059,0.373,2,0,-0.068
523,524,Jay Huff,WAS,25,4,1,3,0.4,0.206,0.029,0.059,50,0,0.029,0,0.147,0.147,100,0,0.118,0.118,0.088,0.059,0,0,0.029,0.421,0,0,0.588
524,525,Andre Iguodala,GSW,39,8,3,5,0.4,0.066,0.027,0.058,46.7,0.004,0.035,11.1,0.008,0.012,66.7,0.012,0.054,0.066,0.074,0.035,0.016,0.012,0.043,0.303,0,0,0.136
525,526,P.J. Tucker,PHI,37,72,47,25,0.5,0.067,0.024,0.057,41.8,0.014,0.036,38.3,0.005,0.006,82.6,0.025,0.053,0.078,0.015,0.011,0.011,0.004,0.046,0.215,0,0,0.037
526,527,Braxton Key,DET,26,3,0,3,0.5,0.2,0.05,0.05,100,0,0,0,0.1,0.1,100,0,0.05,0.05,0,0,0,0,0,0.26,0,0,-0.15
527,528,Xavier Cooks,WAS,27,6,1,5,0.4,0.08,0.04,0.04,100,0,0,0,0,0,0,0.06,0.08,0.14,0.04,0.06,0,0.02,0.04,0.308,0,0,0.62
528,529,Alondes Williams,BKN,23,1,1,0,0.4,0,0,0,0,0,0,0,0,0,0,0,0.083,0.083,0,0.167,0,0,0.083,-0.067,0,0,-0.417
529,529,Michael Carter-Williams,ORL,31,1,1,0,0.4,0.25,0,0,0,0,0,0,0.25,0.5,50,0,0,0,0,0,0,0,0,0.25,0,0,0
530,529,Michael Foster Jr.,PHI,20,1,1,0,0.5,0,0,0,0,0,0,0,0,0,0,0,0,0,0,0,0,0,0,0,0,0,-1
